time_s,time_new,ax_m/s/s,ay_m/s/s,az_m/s/s,gx_deg/s,gy_deg/s,gz_deg/s,mx_microT,my_microT,mz_microT,highg_ax_m/s/s,highg_ay_m/s/s,highg_az_m/s/s,condition
3.72,4.440892098500626e-16,7.761,0.695,6.018,-0.008,0.013999999999999999,-0.009000000000000001,-9.0,-6.2,-12.4,6.697,0.765,13.394,0.0
3.74,0.020000000000000462,7.6979999999999995,0.755,6.042999999999999,-0.008,0.019,-0.013000000000000001,-10.2,-5.7,-12.4,10.085,4.2669999999999995,14.209000000000001,0.0
3.76,0.040000000000000036,7.789,0.728,6.011,-0.01,0.021,-0.009000000000000001,-11.0,-5.1,-11.7,9.351,4.5680000000000005,13.565,0.0
3.78,0.06000000000000005,7.718,0.76,6.018,-0.011000000000000001,0.022000000000000002,-0.0,-9.8,-6.5,-11.9,7.069,2.8169999999999997,14.67,0.0
3.8,0.08000000000000007,7.747999999999999,0.736,6.042000000000001,-0.015,0.024,0.001,-9.4,-5.9,-13.2,7.506,2.931,13.873,0.0
3.82,0.10000000000000009,7.763999999999999,0.7190000000000001,6.028,-0.016,0.023,-0.002,-9.8,-7.2,-11.2,7.861000000000001,3.418,14.145999999999999,0.0
3.84,0.1200000000000001,7.7379999999999995,0.71,5.987,-0.019,0.023,-0.001,-10.4,-5.3,-12.8,8.812000000000001,4.456,13.722000000000001,0.0
3.86,0.14000000000000012,7.76,0.748,6.04,-0.023,0.027999999999999997,0.001,-10.9,-5.5,-11.6,9.369,4.305,13.114,0.0
3.88,0.16000000000000014,7.776,0.7979999999999999,6.047000000000001,-0.015,0.025,-0.001,-9.5,-5.4,-12.2,9.657,4.216,13.32,0.0
3.9,0.18000000000000016,7.777,0.8059999999999999,6.136,-0.02,0.025,-0.003,-10.2,-6.1,-12.6,8.232000000000001,3.06,15.876,0.0
3.92,0.20000000000000018,7.81,0.732,5.916,-0.018000000000000002,0.026000000000000002,0.001,-7.8,-7.6,-12.1,8.717,3.861,15.603,0.0
3.94,0.2200000000000002,7.657,0.737,6.093999999999999,-0.026000000000000002,0.024,0.011000000000000001,-10.0,-6.3,-12.5,8.967,2.447,14.350999999999999,0.0
3.96,0.2400000000000002,7.968,0.816,5.852,-0.053,0.003,0.008,-10.4,-5.0,-13.7,8.706,2.526,12.82,0.0
3.98,0.26000000000000023,7.771,0.708,5.983,-0.018000000000000002,0.011000000000000001,0.01,-9.6,-6.0,-13.1,7.3420000000000005,1.3319999999999999,14.350999999999999,0.0
4.0,0.28000000000000025,7.732,0.638,5.994,-0.016,0.024,0.006,-10.2,-6.5,-12.6,8.771,6.223,14.515999999999998,0.0
4.02,0.2999999999999998,7.683,0.7090000000000001,5.996,-0.019,0.021,-0.001,-8.9,-5.4,-12.6,9.231,4.447,14.533,0.0
4.04,0.3200000000000003,7.695,0.7290000000000001,6.021,-0.01,0.024,-0.001,-10.3,-7.2,-12.8,8.492,3.647,13.215,0.0
4.06,0.33999999999999986,7.722,0.723,5.999,-0.01,0.027999999999999997,-0.006999999999999999,-9.4,-5.8,-13.4,8.754,4.401,14.064,0.0
4.08,0.3600000000000003,7.7989999999999995,0.6609999999999999,6.055,-0.005,0.024,-0.001,-10.1,-6.6,-12.3,9.705,5.943,15.04,0.0
4.1,0.3799999999999999,7.745,0.754,6.022,-0.004,0.03,-0.006999999999999999,-10.1,-6.1,-11.4,8.611,1.699,13.048,0.0
4.12,0.40000000000000036,7.681,0.653,6.004,-0.012,0.027000000000000003,-0.01,-8.6,-6.1,-12.5,8.512,3.6289999999999996,14.252,0.0
4.14,0.41999999999999993,7.77,0.621,6.0489999999999995,-0.009000000000000001,0.027000000000000003,-0.005,-10.1,-6.7,-13.5,8.847999999999999,3.465,16.381,0.0
4.16,0.4400000000000004,7.678999999999999,0.7440000000000001,6.041,-0.006999999999999999,0.016,-0.006,-9.1,-6.4,-12.0,8.841000000000001,2.24,13.873,0.0
4.18,0.45999999999999996,7.745,0.6559999999999999,6.044,-0.012,0.015,-0.005,-11.4,-7.0,-11.4,8.46,2.215,14.502,0.0
4.2,0.4800000000000004,7.72,0.727,6.034,-0.006999999999999999,0.016,-0.005,-9.6,-6.7,-12.1,9.632,4.784,14.725999999999999,0.0
4.22,0.5,7.763999999999999,0.6609999999999999,6.037000000000001,-0.01,0.016,-0.003,-8.6,-5.7,-13.2,9.948,4.578,14.720999999999998,0.0
4.24,0.5200000000000005,7.692,0.7290000000000001,6.021,-0.006999999999999999,0.016,-0.006,-9.4,-6.5,-12.0,8.5,3.165,15.474,0.0
4.26,0.54,7.712000000000001,0.748,5.987,-0.004,0.024,0.003,-9.7,-5.6,-13.2,8.305,4.3919999999999995,13.787,0.0
4.28,0.5600000000000005,7.752000000000001,0.624,5.989,-0.006,0.017,-0.004,-9.9,-7.3,-13.4,9.17,4.945,13.797,0.0
4.3,0.5800000000000001,7.772,0.732,5.981,-0.005,0.02,-0.005,-9.0,-5.0,-13.2,10.0,4.992,14.53,0.0
4.32,0.6000000000000005,7.7379999999999995,0.75,6.047999999999999,-0.005,0.015,-0.011000000000000001,-9.6,-6.4,-13.0,9.844,5.193,15.584000000000001,0.0
4.34,0.6200000000000001,7.757000000000001,0.7490000000000001,5.968,-0.008,0.018000000000000002,-0.013000000000000001,-9.3,-6.1,-11.4,7.976,3.477,14.636,0.0
4.36,0.6400000000000006,7.766,0.7140000000000001,5.994,-0.006999999999999999,0.022000000000000002,-0.018000000000000002,-10.9,-6.1,-11.3,7.355,4.246,14.172,0.0
4.38,0.6600000000000001,7.726,0.698,6.026,-0.008,0.016,-0.018000000000000002,-10.1,-5.8,-12.1,8.611,3.1289999999999996,14.812999999999999,0.0
4.4,0.6800000000000006,7.768,0.735,5.938,-0.006999999999999999,0.024,-0.019,-9.6,-5.6,-12.3,6.899,2.719,12.966,0.0
4.42,0.7000000000000002,7.7860000000000005,0.733,5.99,-0.008,0.022000000000000002,-0.021,-8.8,-7.5,-12.5,9.089,5.603,13.918,0.0
4.44,0.7200000000000006,7.8260000000000005,0.705,6.01,-0.019,0.021,-0.024,-9.9,-6.6,-12.7,7.736000000000001,3.622,16.224,0.0
4.46,0.7400000000000002,7.789,0.726,6.002999999999999,-0.016,0.025,-0.03,-10.0,-6.5,-12.5,8.98,3.167,15.09,0.0
4.48,0.7600000000000007,7.819,0.6609999999999999,6.0760000000000005,-0.013999999999999999,0.021,-0.024,-10.9,-6.6,-11.9,8.994,3.795,12.085999999999999,0.0
4.5,0.7800000000000002,7.744,0.713,6.01,-0.013999999999999999,0.024,-0.028999999999999998,-10.9,-4.7,-11.6,9.992,3.3760000000000003,15.227,0.0
4.52,0.7999999999999998,7.742999999999999,0.695,5.97,-0.01,0.021,-0.023,-10.0,-6.5,-12.9,9.177999999999999,4.394,11.57,0.0
4.54,0.8200000000000003,7.715,0.647,5.985,-0.015,0.021,-0.017,-9.6,-5.9,-12.1,8.663,4.784,15.22,0.0
4.56,0.8399999999999999,7.806,0.7659999999999999,6.01,-0.004,0.026000000000000002,-0.022000000000000002,-10.7,-6.3,-11.6,8.611,4.6930000000000005,13.446,0.0
4.58,0.8600000000000003,7.735,0.7509999999999999,6.005,-0.006999999999999999,0.025,-0.016,-10.3,-6.7,-12.0,9.089,5.724,13.832,0.0
4.6,0.8799999999999999,7.73,0.662,5.994,-0.005,0.02,-0.013999999999999999,-10.0,-5.3,-12.9,9.56,3.8339999999999996,14.344000000000001,0.0
4.62,0.9000000000000004,7.757999999999999,0.7490000000000001,6.047000000000001,-0.002,0.022000000000000002,-0.011000000000000001,-10.2,-4.5,-12.1,10.041,0.9670000000000001,15.308,0.0
4.64,0.9199999999999999,7.769,0.792,5.928,-0.001,0.02,-0.005,-10.5,-5.7,-12.3,6.715,4.743,14.357000000000001,0.0
4.66,0.9400000000000004,7.853,0.769,5.854,-0.006999999999999999,0.026000000000000002,-0.002,-9.9,-6.8,-11.7,7.675,3.827,14.341,0.0
4.68,0.96,7.702999999999999,0.7509999999999999,6.14,-0.013000000000000001,0.025,-0.004,-10.6,-6.4,-12.2,7.73,4.7989999999999995,11.648,0.0
4.7,0.9800000000000004,7.736000000000001,0.711,5.977,-0.002,0.032,0.008,-9.5,-5.8,-12.5,7.792999999999999,2.072,13.375,0.0
4.72,1.0,7.734,0.728,5.94,-0.004,0.012,0.011000000000000001,-10.1,-6.4,-11.7,9.972000000000001,5.212999999999999,16.093,1.0
4.74,1.0200000000000005,7.801,0.705,6.053999999999999,-0.005,0.02,0.002,-10.0,-5.7,-12.5,10.856,3.885,13.931,1.0
4.76,1.04,7.751,0.8190000000000001,6.01,-0.006999999999999999,0.018000000000000002,-0.003,-9.7,-6.5,-11.9,10.731,5.194,14.83,1.0
4.78,1.0600000000000005,7.777,0.75,6.075,-0.002,0.015,-0.005,-8.7,-5.5,-12.7,9.567,4.745,13.433,1.0
4.8,1.08,7.752000000000001,0.823,6.095,-0.001,0.021,-0.01,-9.3,-6.0,-10.7,6.0,4.13,12.524000000000001,1.0
4.82,1.1000000000000005,7.712000000000001,0.8220000000000001,6.172999999999999,0.006,0.032,-0.012,-9.6,-6.3,-12.0,8.18,4.784,15.642000000000001,1.0
4.84,1.12,7.48,0.938,6.109,-0.008,0.044000000000000004,-0.005,-9.9,-6.4,-12.3,8.132,3.77,12.543,1.0
4.86,1.1400000000000006,7.544,0.953,6.072,-0.005,0.04,0.013000000000000001,-10.1,-4.4,-11.8,8.476,1.415,14.045,1.0
4.88,1.1600000000000001,7.523,1.057,6.186,0.016,0.023,0.01,-10.2,-6.9,-12.2,6.777,4.305,13.749,1.0
4.9,1.1800000000000006,7.5920000000000005,1.143,6.3389999999999995,0.001,0.024,0.006999999999999999,-10.1,-5.9,-12.0,6.763999999999999,4.717,14.696,1.0
4.92,1.2000000000000002,7.528,1.189,6.356,-0.002,0.032,0.019,-9.4,-5.6,-12.0,8.061,4.305,13.994000000000002,1.0
4.94,1.2200000000000006,7.4639999999999995,1.239,6.385,-0.011000000000000001,0.037000000000000005,0.03,-9.2,-6.2,-12.2,11.253,4.055,17.32,1.0
4.96,1.2400000000000002,7.349,1.327,6.3839999999999995,-0.02,0.027999999999999997,0.047,-9.3,-7.3,-12.4,8.605,5.821000000000001,15.463,1.0
4.98,1.2600000000000007,7.257000000000001,1.227,6.361000000000001,-0.02,0.03,0.040999999999999995,-9.5,-6.2,-13.7,7.432,4.169,14.078,1.0
5.0,1.2800000000000002,7.1370000000000005,1.3230000000000002,6.369,-0.016,0.023,0.042,-9.6,-6.8,-12.4,7.862,3.529,15.515999999999998,1.0
5.02,1.2999999999999998,7.166,1.4280000000000002,6.317,-0.031,-0.003,0.055999999999999994,-8.6,-5.1,-12.2,8.611,4.684,14.350999999999999,1.0
5.04,1.3200000000000003,7.056,1.36,6.357,-0.021,-0.015,0.061,-9.4,-6.6,-11.0,8.213,4.2860000000000005,11.519,1.0
5.06,1.3399999999999999,7.125,1.287,6.364,-0.021,-0.038,0.087,-10.0,-6.3,-12.2,8.193999999999999,5.2,14.247,1.0
5.08,1.3600000000000003,7.157,1.305,6.412000000000001,-0.03,-0.064,0.08900000000000001,-9.3,-5.9,-11.1,6.545,2.9789999999999996,14.177,1.0
5.1,1.38,7.122999999999999,1.298,6.492999999999999,-0.039,-0.086,0.079,-9.9,-6.6,-11.1,8.132,4.986000000000001,14.943,1.0
5.12,1.4000000000000004,7.099,1.209,6.4110000000000005,-0.04,-0.096,0.068,-8.9,-5.4,-12.1,7.0520000000000005,5.026,14.357000000000001,1.0
5.14,1.42,7.162999999999999,1.121,6.4239999999999995,-0.034,-0.12300000000000001,0.07200000000000001,-10.1,-5.2,-11.7,7.531000000000001,4.577,15.65,1.0
5.16,1.4400000000000004,7.251,0.986,6.404,-0.035,-0.14,0.061,-10.0,-5.4,-11.7,7.431,3.3169999999999997,13.33,1.0
5.18,1.46,7.1339999999999995,0.914,6.337000000000001,-0.039,-0.16399999999999998,0.062,-10.8,-4.5,-11.0,8.397,4.224,14.300999999999998,1.0
5.2,1.4800000000000004,7.182,0.799,6.185,-0.038,-0.191,0.071,-9.3,-4.9,-12.5,8.336,4.58,14.489,1.0
5.22,1.5,7.127000000000001,0.746,6.032,-0.035,-0.228,0.084,-10.2,-5.3,-11.1,8.467,5.119,13.251,1.0
5.24,1.5200000000000005,7.103,0.65,5.93,-0.067,-0.298,0.042,-10.1,-6.7,-12.4,6.367999999999999,5.113,15.52,1.0
5.26,1.54,6.95,0.44299999999999995,5.808,-0.059000000000000004,-0.326,0.078,-10.4,-7.6,-10.3,7.978,4.46,13.24,1.0
5.28,1.5600000000000005,7.187,0.079,5.944,-0.037000000000000005,-0.368,0.15,-10.5,-5.6,-9.9,9.562000000000001,1.2830000000000001,12.277000000000001,1.0
5.3,1.58,7.897,-0.01,6.145,-0.046,-0.435,0.155,-9.9,-5.2,-10.4,7.78,1.581,12.79,1.0
5.32,1.6000000000000005,7.912999999999999,-0.14,6.404,-0.039,-0.499,0.19699999999999998,-10.6,-4.1,-8.2,9.567,3.14,14.755,1.0
5.34,1.62,8.06,-0.161,6.181,-0.037000000000000005,-0.519,0.21899999999999997,-10.4,-4.2,-9.9,8.966000000000001,1.435,14.937999999999999,1.0
5.36,1.6400000000000006,8.347000000000001,-0.301,5.877999999999999,0.005,-0.518,0.225,-9.7,-5.6,-8.4,8.316,2.352,12.54,1.0
5.38,1.6600000000000001,8.191,-0.5670000000000001,5.983,-0.025,-0.5379999999999999,0.142,-9.7,-4.3,-9.4,10.524000000000001,4.494,14.162,1.0
5.4,1.6800000000000006,8.493,-0.5489999999999999,5.875,0.021,-0.5329999999999999,0.163,-10.4,-6.1,-8.0,10.224,1.3459999999999999,12.720999999999998,1.0
5.42,1.7000000000000002,8.612,-0.9520000000000001,6.341,0.105,-0.493,0.203,-10.8,-5.0,-7.1,12.36,3.658,15.03,1.0
5.44,1.7200000000000006,8.406,-0.9129999999999999,6.461,0.131,-0.469,0.129,-11.5,-5.7,-7.1,9.914,3.142,16.545,1.0
5.46,1.7400000000000002,8.542,-0.682,6.1739999999999995,0.10099999999999999,-0.442,0.047,-9.6,-4.2,-7.8,8.932,1.6469999999999998,15.52,1.0
5.48,1.7600000000000007,8.13,-0.767,6.156000000000001,0.17800000000000002,-0.39799999999999996,0.087,-9.9,-4.9,-8.2,7.611000000000001,3.478,12.655,1.0
5.5,1.7800000000000002,7.872999999999999,-0.639,5.9479999999999995,0.22899999999999998,-0.35700000000000004,0.076,-10.6,-4.5,-6.6,8.834,3.955,11.640999999999998,1.0
5.52,1.7999999999999998,7.641,-0.5720000000000001,5.768,0.243,-0.316,0.052000000000000005,-10.8,-3.1,-5.4,8.402000000000001,1.375,14.27,1.0
5.54,1.8200000000000003,7.483,-0.585,5.626,0.248,-0.29,0.027999999999999997,-8.8,-4.0,-7.3,8.646,3.818,15.073,1.0
5.56,1.8399999999999999,7.3389999999999995,-0.669,5.407,0.24600000000000002,-0.27699999999999997,0.003,-9.2,-4.6,-7.1,7.897,2.859,13.394,1.0
5.58,1.8600000000000003,7.324,-0.644,5.296,0.244,-0.273,-0.019,-10.1,-3.6,-6.0,9.321,2.596,13.597999999999999,1.0
5.6,1.88,7.226,-0.924,5.229,0.235,-0.252,-0.043,-10.9,-4.6,-5.8,7.932,3.853,11.229000000000001,1.0
5.62,1.9000000000000004,7.582000000000001,-0.937,5.215,0.248,-0.231,-0.077,-11.0,-4.1,-6.0,8.978,1.9509999999999998,13.357000000000001,1.0
5.64,1.92,7.456,-0.828,5.46,0.209,-0.253,-0.149,-10.7,-5.0,-6.0,9.9,2.295,15.210999999999999,1.0
5.66,1.9400000000000004,7.671,-0.733,5.607,0.218,-0.244,-0.198,-9.2,-4.0,-6.0,8.7,2.93,12.618,1.0
5.68,1.96,8.079,-0.619,5.697,0.228,-0.207,-0.258,-9.3,-6.0,-5.4,10.392000000000001,4.234,14.769,1.0
5.7,1.9800000000000004,8.475,-0.495,5.7829999999999995,0.221,-0.165,-0.312,-10.9,-5.6,-4.8,9.963,3.7439999999999998,13.394,1.0
5.72,2.0,9.002,-0.337,5.789,0.201,-0.11,-0.392,-10.3,-6.1,-4.2,9.089,2.863,13.59,1.0
5.74,2.0200000000000005,8.933,-0.182,5.541,0.179,-0.048,-0.45799999999999996,-11.7,-5.6,-5.4,9.673,3.188,13.208,1.0
5.76,2.04,8.919,-0.1,5.572,0.155,-0.01,-0.493,-10.1,-5.2,-3.8,10.705,4.305,12.618,1.0
5.78,2.0600000000000005,8.699,-0.198,5.47,0.13699999999999998,-0.011000000000000001,-0.5710000000000001,-11.3,-6.2,-4.4,9.052999999999999,2.613,13.919,1.0
5.8,2.08,9.15,-0.027000000000000003,5.7620000000000005,0.127,-0.013000000000000001,-0.6579999999999999,-10.9,-8.1,-4.5,8.949,2.73,14.97,1.0
5.82,2.1000000000000005,9.641,0.374,6.057,0.11800000000000001,-0.042,-0.715,-11.5,-9.1,-3.5,10.209,3.488,13.056,1.0
5.84,2.12,10.267000000000001,0.648,6.055,0.135,-0.026000000000000002,-0.748,-10.8,-7.5,-4.9,10.84,4.468,14.504000000000001,1.0
5.86,2.1400000000000006,10.501,1.133,5.787000000000001,0.067,0.035,-0.721,-11.8,-8.2,-5.1,10.675999999999998,4.131,15.177999999999999,1.0
5.88,2.16,11.308,1.594,5.7139999999999995,-0.023,0.102,-0.679,-12.1,-9.8,-5.7,11.481,2.645,12.172,1.0
5.9,2.1800000000000006,11.458,2.009,5.192,-0.122,0.22,-0.603,-12.7,-10.0,-4.9,12.915999999999999,5.542999999999999,12.157,1.0
5.92,2.2,11.364,2.419,4.942,-0.225,0.309,-0.513,-12.3,-11.1,-4.7,13.064,5.949,12.707,1.0
5.94,2.2200000000000006,10.835,2.96,4.623,-0.344,0.363,-0.44,-11.6,-11.5,-4.3,12.437999999999999,8.793,13.136,1.0
5.96,2.24,10.309000000000001,3.292,3.948,-0.442,0.415,-0.335,-12.6,-11.8,-6.0,11.234000000000002,6.466,11.495999999999999,1.0
5.98,2.2600000000000007,9.016,3.179,3.1489999999999996,-0.552,0.473,-0.281,-11.8,-11.1,-5.6,10.280999999999999,6.462000000000001,9.693,1.0
6.0,2.2800000000000002,8.206,3.3080000000000003,2.7089999999999996,-0.68,0.486,-0.129,-10.6,-11.8,-7.1,9.312999999999999,5.374,10.717,1.0
6.02,2.3,7.74,3.303,3.227,-0.614,0.342,-0.157,-12.6,-12.1,-5.1,9.089,6.644,11.109000000000002,1.0
6.04,2.3200000000000003,7.933,3.838,3.611,-0.602,0.24,-0.295,-11.9,-11.3,-6.4,11.758,8.611,12.615,1.0
6.06,2.34,7.391,3.6289999999999996,3.892,-0.56,0.17600000000000002,-0.39299999999999996,-12.3,-12.5,-6.8,7.654,7.943,12.632,1.0
6.08,2.3600000000000003,7.169,3.2539999999999996,4.207,-0.503,0.096,-0.39,-12.0,-14.1,-5.8,8.221,5.14,11.57,1.0
6.1,2.38,7.401,2.59,4.315,-0.40299999999999997,0.018000000000000002,-0.359,-12.4,-11.7,-5.7,7.571000000000001,4.95,14.975,1.0
6.12,2.4000000000000004,7.204,2.385,4.471,-0.35200000000000004,0.004,-0.355,-13.7,-12.3,-5.7,7.421,4.538,13.731,1.0
6.14,2.42,6.792000000000001,2.0180000000000002,4.332,-0.345,0.01,-0.32899999999999996,-12.0,-12.9,-5.3,8.204,7.032,9.113,1.0
6.16,2.4400000000000004,7.015,2.057,3.91,-0.396,0.02,-0.217,-12.6,-13.1,-6.2,7.8020000000000005,5.064,12.784,1.0
6.18,2.46,7.02,1.825,4.061,-0.431,0.03,-0.078,-12.6,-14.0,-6.3,8.193,5.68,12.498,1.0
6.2,2.4800000000000004,6.763999999999999,1.868,4.342,-0.436,0.057999999999999996,0.047,-12.4,-13.0,-5.2,8.351,3.512,12.765,1.0
6.22,2.5,6.391,1.754,4.776,-0.33299999999999996,0.067,0.121,-12.6,-14.7,-6.7,6.843999999999999,5.077,12.769,1.0
6.24,2.5200000000000005,6.497000000000001,1.811,4.99,-0.301,0.079,0.14400000000000002,-13.1,-13.0,-5.0,6.956,5.305,11.390999999999998,1.0
6.26,2.54,6.311,1.818,5.287999999999999,-0.25,0.063,0.151,-13.3,-13.4,-5.3,8.977,5.225,12.437999999999999,1.0
6.28,2.5600000000000005,6.205,1.7630000000000001,5.778,-0.207,0.039,0.18100000000000002,-13.2,-13.0,-5.8,7.271,3.9219999999999997,13.968,1.0
6.3,2.58,6.25,1.8230000000000002,6.111000000000001,-0.168,0.025,0.21600000000000003,-11.6,-13.0,-5.7,6.245,6.167000000000001,16.135,1.0
6.32,2.6000000000000005,6.541,1.7069999999999999,6.225,-0.163,0.021,0.262,-13.2,-14.1,-4.2,9.027999999999999,4.784,12.0,1.0
6.34,2.62,6.794,1.536,6.044,-0.16,0.053,0.319,-12.7,-12.5,-5.6,8.509,3.842,14.350999999999999,1.0
6.36,2.6400000000000006,6.897,1.775,6.057,-0.177,0.114,0.363,-12.6,-11.5,-6.9,9.045,5.705,14.350999999999999,1.0
6.38,2.66,6.865,1.851,5.876,-0.153,0.155,0.405,-11.0,-10.7,-6.4,7.178999999999999,4.315,13.394,1.0
6.4,2.6800000000000006,7.468999999999999,2.039,5.9879999999999995,-0.047,0.139,0.433,-12.4,-12.1,-6.3,10.03,5.733,13.883,1.0
6.42,2.7,8.119,2.23,6.41,0.09,0.09699999999999999,0.48200000000000004,-11.5,-10.4,-6.8,10.079,4.8260000000000005,15.777999999999999,1.0
6.44,2.7200000000000006,8.703,2.244,6.662000000000001,0.145,0.09300000000000001,0.521,-12.5,-11.0,-5.9,10.482000000000001,4.798,14.815,1.0
6.46,2.74,9.118,2.167,6.921,0.168,0.13699999999999998,0.503,-11.7,-11.4,-6.2,9.647,4.345,12.995,1.0
6.48,2.7600000000000007,10.845999999999998,2.021,7.496,0.22899999999999998,0.182,0.461,-11.6,-9.7,-6.8,13.292,5.74,14.804,1.0
6.5,2.7800000000000002,11.243,1.93,7.313,0.26899999999999996,0.205,0.52,-11.9,-9.9,-6.6,14.543,7.08,14.83,1.0
6.52,2.8,12.436,1.3730000000000002,6.961,0.331,0.222,0.614,-11.4,-9.5,-6.8,13.911,5.933,16.951,1.0
6.54,2.8200000000000003,11.569,0.469,5.557,0.308,0.29600000000000004,0.698,-12.2,-8.4,-6.6,14.215,4.351,11.617,1.0
6.56,2.84,10.11,-0.565,3.967,0.345,0.353,0.767,-10.7,-7.5,-7.0,10.357999999999999,0.469,13.873,1.0
6.58,2.8600000000000003,9.412,-1.693,3.4610000000000003,0.376,0.305,0.735,-11.2,-7.8,-7.9,10.583,1.972,12.017999999999999,1.0
6.6,2.88,9.931000000000001,-1.567,4.08,0.36,0.162,0.5660000000000001,-10.8,-6.2,-7.7,12.785,1.6130000000000002,12.719000000000001,1.0
6.62,2.9000000000000004,9.407,-0.8340000000000001,4.605,0.298,0.076,0.523,-10.6,-6.7,-8.2,8.972999999999999,3.5660000000000003,12.032,1.0
6.64,2.92,9.025,-0.384,4.783,0.314,0.07200000000000001,0.455,-10.4,-7.0,-7.9,10.445,2.151,12.995,1.0
6.66,2.9400000000000004,8.589,-0.12,4.794,0.363,0.052000000000000005,0.35100000000000003,-10.2,-6.9,-8.2,10.352,3.5210000000000004,13.48,1.0
6.68,2.96,8.402000000000001,0.433,4.375,0.256,0.12,0.387,-10.5,-5.7,-10.0,10.354000000000001,5.37,12.53,1.0
6.7,2.9800000000000004,7.925,-0.027000000000000003,4.065,0.24100000000000002,0.161,0.332,-9.6,-5.9,-9.0,8.99,3.926,10.704,1.0
6.72,3.0,7.718999999999999,0.048,3.783,0.249,0.212,0.20199999999999999,-9.6,-6.3,-8.3,9.833,3.295,11.002,1.0
6.74,3.0200000000000005,7.2139999999999995,-0.22699999999999998,3.5610000000000004,0.331,0.237,0.171,-7.9,-5.3,-9.3,6.922999999999999,3.514,11.732999999999999,1.0
6.76,3.04,6.829,-0.127,4.055,0.369,0.22399999999999998,0.094,-8.7,-6.1,-9.1,7.774,4.784,13.753,1.0
6.78,3.0600000000000005,6.671,-0.24100000000000002,4.401,0.379,0.204,0.026000000000000002,-9.3,-5.3,-9.2,7.077000000000001,1.6880000000000002,12.283,1.0
6.8,3.08,6.614,-0.462,4.628,0.332,0.18100000000000002,0.005,-8.8,-5.8,-9.7,9.779,3.56,13.606,1.0
6.82,3.1000000000000005,6.433,-0.626,4.779,0.254,0.14400000000000002,-0.031,-8.7,-5.0,-9.9,6.079,3.407,13.593,1.0
6.84,3.12,6.647,-0.61,5.044,0.184,0.151,-0.021,-9.6,-5.9,-9.6,6.9910000000000005,4.566,12.954,1.0
6.86,3.1400000000000006,6.544,-0.584,5.295,0.095,0.152,-0.079,-10.1,-5.4,-10.6,7.825,2.563,14.386,1.0
6.88,3.16,6.642,-0.315,5.475,-0.013000000000000001,0.11699999999999999,-0.159,-9.7,-5.9,-10.3,8.293,3.033,13.394,1.0
6.9,3.1800000000000006,6.832000000000001,-0.14400000000000002,5.7139999999999995,-0.033,0.076,-0.265,-9.5,-6.0,-10.9,7.797999999999999,3.4930000000000003,15.118,1.0
6.92,3.2,7.122000000000001,-0.22,5.93,0.017,0.086,-0.349,-9.0,-7.3,-11.6,7.871,4.479,10.568,1.0
6.94,3.2200000000000006,7.185,-0.031,6.091,0.017,0.096,-0.396,-9.4,-5.7,-9.9,9.089,2.8089999999999997,15.783,1.0
6.96,3.24,7.432,-0.129,6.0489999999999995,0.046,0.099,-0.41100000000000003,-10.1,-6.9,-9.8,7.439,3.085,14.165999999999999,1.0
6.98,3.2600000000000007,7.672000000000001,-0.326,6.215,0.004,0.124,-0.381,-9.1,-7.6,-11.1,8.707,2.296,15.213,1.0
7.0,3.2800000000000002,8.167,-0.065,6.541,-0.054000000000000006,0.138,-0.37799999999999995,-9.1,-7.7,-10.7,9.202,1.182,16.462,1.0
7.02,3.3,8.492,0.063,6.733,-0.08199999999999999,0.12300000000000001,-0.43700000000000006,-10.3,-6.9,-10.5,9.916,4.435,15.859000000000002,1.0
7.04,3.3200000000000003,8.631,0.12,6.8629999999999995,-0.055,0.139,-0.474,-10.2,-6.6,-10.3,9.175,3.017,12.609000000000002,1.0
7.06,3.34,9.238999999999999,0.47200000000000003,6.965,-0.139,0.207,-0.47700000000000004,-11.2,-8.1,-11.9,9.417,3.4130000000000003,15.258,1.0
7.08,3.3600000000000003,10.522,0.938,7.7379999999999995,-0.21,0.24,-0.5489999999999999,-9.9,-8.3,-10.9,11.739,6.477,15.863,1.0
7.1,3.38,9.998,1.604,7.4270000000000005,-0.26899999999999996,0.35200000000000004,-0.512,-10.5,-7.8,-9.9,11.734000000000002,5.542000000000001,16.21,1.0
7.12,3.4000000000000004,11.84,2.412,7.251,-0.36,0.335,-0.529,-10.3,-8.7,-11.3,12.238,4.337,14.583,1.0
7.14,3.42,11.177999999999999,2.701,6.688,-0.41,0.354,-0.5429999999999999,-9.4,-9.3,-11.9,11.714,8.128,14.83,1.0
7.16,3.4400000000000004,9.186,2.698,5.417999999999999,-0.426,0.33299999999999996,-0.496,-9.0,-9.1,-11.9,10.289000000000001,5.733,14.13,1.0
7.18,3.46,7.699,2.8489999999999998,3.8989999999999996,-0.495,0.336,-0.445,-9.6,-9.2,-11.9,9.356,6.697,10.790999999999999,1.0
7.2,3.4800000000000004,8.095,3.003,4.365,-0.483,0.138,-0.41700000000000004,-9.5,-9.0,-11.1,11.033,6.831,12.244000000000002,1.0
7.22,3.5,7.841,3.135,4.82,-0.39799999999999996,-0.013000000000000001,-0.385,-10.6,-8.2,-11.8,9.224,6.093999999999999,10.825999999999999,1.0
7.24,3.5200000000000005,8.047,2.5780000000000003,5.268,-0.33,-0.09,-0.28,-9.9,-10.2,-11.3,11.056,7.494,12.65,1.0
7.26,3.54,8.416,2.506,5.529,-0.33399999999999996,-0.129,-0.348,-10.2,-9.1,-10.8,9.296,7.111000000000001,14.83,1.0
7.28,3.5600000000000005,7.641,2.189,5.724,-0.19899999999999998,-0.16,-0.373,-11.8,-10.7,-10.7,7.931,5.5889999999999995,14.378,1.0
7.3,3.58,7.397,2.081,5.321000000000001,-0.07400000000000001,-0.17300000000000001,-0.33899999999999997,-11.0,-9.2,-10.9,9.372,6.697,12.720999999999998,1.0
7.32,3.6000000000000005,7.468999999999999,1.591,4.835,-0.10300000000000001,-0.11900000000000001,-0.146,-11.0,-9.5,-10.4,8.619,6.895,11.860999999999999,1.0
7.34,3.62,7.3839999999999995,1.6380000000000001,4.6,-0.205,-0.052000000000000005,0.028999999999999998,-11.7,-10.5,-10.7,7.249,4.489,10.708,1.0
7.36,3.6400000000000006,6.66,1.619,4.436,-0.20600000000000002,-0.019,0.14300000000000002,-10.5,-10.3,-11.5,7.776,5.084,12.738,1.0
7.38,3.66,6.394,1.325,4.926,-0.175,-0.004,0.187,-10.0,-8.9,-11.0,8.532,5.662000000000001,12.437999999999999,1.0
7.4,3.6800000000000006,5.992000000000001,1.425,5.127000000000001,-0.10300000000000001,-0.013000000000000001,0.22399999999999998,-11.4,-9.0,-10.5,6.386,5.118,12.293,1.0
7.42,3.7,6.069,1.693,5.242000000000001,-0.045,-0.035,0.265,-9.8,-9.5,-9.8,6.218999999999999,4.633,14.507,1.0
7.44,3.7200000000000006,5.75,1.619,5.564,0.011000000000000001,-0.07,0.243,-9.1,-7.6,-9.6,6.53,5.597,14.83,1.0
7.46,3.74,5.962999999999999,1.7890000000000001,5.892,0.079,-0.092,0.19,-9.8,-9.7,-10.2,6.697,5.441,15.129000000000001,1.0
7.48,3.7600000000000007,6.172999999999999,1.761,6.169,0.147,-0.11900000000000001,0.133,-9.5,-7.7,-10.4,6.507000000000001,5.2620000000000005,13.919,1.0
7.5,3.7800000000000002,6.086,1.819,6.294,0.175,-0.105,0.14,-9.7,-6.5,-10.5,6.155,5.135,13.936,1.0
7.52,3.8,6.305,1.855,6.376,0.19,-0.106,0.18,-11.3,-7.4,-10.8,7.176,6.645,16.132,1.0
7.54,3.8200000000000003,6.314,1.925,6.053999999999999,0.166,-0.068,0.272,-11.0,-6.7,-8.8,6.9510000000000005,2.8989999999999996,16.207,1.0
7.56,3.84,6.422000000000001,1.9509999999999998,5.752999999999999,0.171,-0.043,0.37,-9.0,-8.1,-10.2,8.732000000000001,4.9110000000000005,13.030999999999999,1.0
7.58,3.8600000000000003,7.023,1.969,5.829,0.17800000000000002,-0.023,0.43799999999999994,-10.3,-5.6,-8.9,6.928,5.377000000000001,12.784,1.0
7.6,3.88,7.468,2.156,5.9910000000000005,0.17,0.012,0.474,-9.5,-5.7,-7.6,8.132,5.003,14.350999999999999,1.0
7.62,3.9000000000000004,7.902,2.037,6.452000000000001,0.195,0.048,0.5479999999999999,-9.8,-5.1,-9.4,9.297,5.2620000000000005,14.933,1.0
7.64,3.92,8.169,1.8230000000000002,6.632000000000001,0.207,0.040999999999999995,0.596,-8.7,-5.6,-8.1,8.231,5.25,15.039000000000001,1.0
7.66,3.9400000000000004,8.043,1.5290000000000001,6.745,0.195,0.091,0.573,-9.3,-5.6,-10.2,10.046,5.154,15.030999999999999,1.0
7.68,3.96,9.279,1.58,7.181,0.165,0.095,0.49700000000000005,-8.5,-3.2,-9.4,10.088,5.522,16.438,1.0
7.7,3.9800000000000004,9.775,1.629,7.57,0.26899999999999996,0.027000000000000003,0.465,-8.6,-3.6,-10.2,10.841,5.027,14.594000000000001,1.0
7.72,4.0,11.425999999999998,1.143,7.818,0.344,0.07400000000000001,0.486,-8.5,-5.0,-8.9,13.824000000000002,6.095,17.070999999999998,1.0
7.74,4.0200000000000005,11.189,0.743,6.921,0.395,0.122,0.532,-9.8,-2.8,-9.8,10.872,4.853,16.942999999999998,1.0
7.76,4.04,9.964,-0.068,5.341,0.38799999999999996,0.153,0.5760000000000001,-8.5,-2.0,-10.5,10.652000000000001,2.806,12.437999999999999,1.0
7.78,4.0600000000000005,8.274,-0.695,3.75,0.392,0.158,0.601,-8.4,-2.9,-10.7,8.552999999999999,0.465,10.699000000000002,1.0
7.8,4.08,7.692,-1.507,3.553,0.419,0.069,0.45399999999999996,-8.7,-1.4,-10.4,8.827,1.383,14.089,1.0
7.82,4.1000000000000005,9.176,-1.1320000000000001,4.096,0.39399999999999996,-0.071,0.45399999999999996,-7.8,-0.5,-11.0,10.571,1.6680000000000001,11.819,1.0
7.84,4.12,9.179,-0.838,4.683,0.455,-0.11599999999999999,0.503,-7.8,-1.7,-10.4,9.089,1.3940000000000001,14.625,1.0
7.86,4.140000000000001,9.674,-0.428,5.329,0.493,-0.142,0.382,-8.0,-0.8,-10.6,10.524000000000001,1.8780000000000001,13.535,1.0
7.88,4.16,9.406,-0.016,5.104,0.429,-0.146,0.39299999999999996,-6.6,-0.1,-9.9,10.972999999999999,4.187,12.887,1.0
7.9,4.180000000000001,9.283999999999999,0.21899999999999997,5.141,0.32,-0.081,0.435,-7.7,-0.2,-10.2,10.979000000000001,3.803,11.624,1.0
7.92,4.2,8.89,-0.10099999999999999,4.918,0.28800000000000003,-0.048,0.387,-7.3,-0.1,-10.5,11.887,4.323,14.315,1.0
7.94,4.220000000000001,8.578,-0.015,4.63,0.214,0.04,0.377,-7.4,-0.1,-12.2,6.242999999999999,1.864,14.350999999999999,1.0
7.96,4.24,7.737,-0.187,4.543,0.233,0.054000000000000006,0.368,-5.7,0.0,-10.7,8.132,2.392,9.168,1.0
7.98,4.260000000000001,7.301,-0.192,4.815,0.068,-0.009000000000000001,0.228,-6.3,0.1,-11.4,7.657,2.8689999999999998,13.872,1.0
8.0,4.28,7.4479999999999995,0.034,4.888,-0.003,-0.051,0.077,-6.8,1.1,-11.2,7.664,2.416,11.491,1.0
8.02,4.3,7.393,-0.413,4.644,-0.006999999999999999,-0.078,0.009000000000000001,-6.1,1.8,-9.7,10.981,4.263,13.862,1.0
8.04,4.319999999999999,7.4670000000000005,-0.44799999999999995,4.707,0.005,-0.081,0.028999999999999998,-6.3,0.5,-10.6,8.529,3.267,13.889000000000001,1.0
8.06,4.340000000000001,7.172000000000001,-0.573,4.992,-0.13,-0.145,-0.059000000000000004,-6.8,1.2,-10.9,7.6979999999999995,1.479,11.591,1.0
8.08,4.36,7.117999999999999,-0.5539999999999999,4.999,-0.20199999999999999,-0.19899999999999998,-0.162,-6.2,1.9,-11.1,8.132,3.404,13.055,1.0
8.1,4.38,7.199,-0.515,4.97,-0.266,-0.233,-0.23,-6.4,1.1,-9.9,7.176,1.88,13.294,1.0
8.12,4.3999999999999995,7.297999999999999,-0.506,5.003,-0.273,-0.252,-0.271,-7.7,1.0,-9.9,9.85,3.7489999999999997,12.915999999999999,1.0
8.14,4.420000000000001,7.447,-0.486,5.105,-0.27899999999999997,-0.252,-0.34,-7.6,0.6,-9.9,5.965,1.615,12.572000000000001,1.0
8.16,4.44,7.394,-0.44299999999999995,5.184,-0.317,-0.249,-0.405,-7.7,1.3,-10.0,8.183,2.2680000000000002,11.734000000000002,1.0
8.18,4.46,7.561,-0.63,5.294,-0.304,-0.275,-0.45799999999999996,-6.5,0.1,-8.1,9.089,3.602,12.128,1.0
8.2,4.4799999999999995,7.507999999999999,-0.718,5.34,-0.38299999999999995,-0.321,-0.53,-7.0,1.0,-9.8,8.717,0.18600000000000003,13.332,1.0
8.22,4.500000000000001,7.882000000000001,-0.871,5.4510000000000005,-0.384,-0.326,-0.54,-8.6,0.3,-8.2,10.046,2.528,11.067,1.0
8.24,4.5200000000000005,7.742000000000001,-0.644,5.494,-0.512,-0.39,-0.68,-8.3,-0.1,-7.8,9.31,3.4219999999999997,12.437999999999999,1.0
8.26,4.54,7.727,-0.586,5.471,-0.523,-0.441,-0.7440000000000001,-8.6,0.7,-7.4,7.813,1.5119999999999998,11.079,1.0
8.28,4.56,7.4670000000000005,-0.43,5.317,-0.505,-0.484,-0.7909999999999999,-8.1,-1.6,-6.9,9.791,1.86,11.991,1.0
8.3,4.580000000000001,7.617999999999999,-0.444,5.215,-0.47100000000000003,-0.512,-0.8009999999999999,-8.8,-1.9,-6.7,10.071,2.301,10.796,1.0
8.32,4.6000000000000005,7.881,-0.327,5.44,-0.462,-0.525,-0.813,-9.8,-2.9,-5.4,8.132,3.634,12.727,1.0
8.34,4.62,8.798,0.040999999999999995,5.88,-0.518,-0.5579999999999999,-0.856,-9.4,-2.4,-4.4,10.25,4.408,13.325,1.0
8.36,4.64,8.923,0.455,5.7989999999999995,-0.562,-0.602,-0.986,-9.1,-2.2,-5.3,10.355,4.244,11.542,2.0
8.38,4.660000000000001,9.099,0.8220000000000001,5.336,-0.583,-0.621,-0.996,-9.7,-4.0,-3.7,9.454,4.168,13.985999999999999,2.0
8.4,4.680000000000001,9.649,1.209,4.936,-0.602,-0.725,-1.131,-10.2,-3.5,-3.2,10.882,5.74,12.796,2.0
8.42,4.7,9.601,1.743,4.226,-0.5770000000000001,-0.755,-1.159,-11.0,-4.7,-2.1,10.274000000000001,6.8,12.769,2.0
8.44,4.72,9.386000000000001,2.638,3.822,-0.515,-0.778,-1.131,-11.4,-5.9,-1.2,11.133,6.002000000000001,11.787,2.0
8.46,4.740000000000001,8.032,3.35,2.923,-0.298,-0.732,-1.025,-11.5,-7.0,-1.4,9.02,8.885,9.157,2.0
8.48,4.760000000000001,7.2010000000000005,3.8080000000000003,1.827,-0.23399999999999999,-0.7609999999999999,-0.78,-12.0,-7.2,-1.8,7.176,8.468,8.947000000000001,2.0
8.5,4.78,8.238,4.59,1.7109999999999999,-0.14300000000000002,-0.867,-0.746,-12.1,-8.9,-0.8,10.228,8.975,10.08,2.0
8.52,4.8,8.484,4.2589999999999995,2.484,-0.02,-1.072,-0.664,-12.1,-8.7,1.0,9.704,9.072000000000001,10.062999999999999,2.0
8.54,4.819999999999999,8.967,3.931,2.667,0.012,-1.124,-0.5379999999999999,-11.2,-8.5,1.2,10.843,8.292,11.481,2.0
8.56,4.840000000000001,8.863999999999999,3.7569999999999997,2.059,-0.012,-1.159,-0.386,-10.5,-10.3,2.0,9.715,6.732,10.524000000000001,2.0
8.58,4.86,9.281,3.928,2.128,0.022000000000000002,-1.173,-0.361,-10.4,-8.9,3.6,10.148,6.013999999999999,11.139000000000001,2.0
8.6,4.88,8.802999999999999,3.7880000000000003,1.9,0.052000000000000005,-1.103,-0.32,-10.7,-8.7,5.0,9.089,6.822,11.481,2.0
8.62,4.8999999999999995,8.654,3.7539999999999996,1.275,0.134,-1.104,-0.271,-11.6,-9.9,5.4,11.116,7.358,10.297,2.0
8.64,4.920000000000001,9.277999999999999,3.9130000000000003,1.307,0.221,-1.0979999999999999,-0.21100000000000002,-9.9,-9.1,4.8,11.669,8.406,8.713,2.0
8.66,4.94,9.43,4.007,1.249,0.154,-1.025,-0.13699999999999998,-11.7,-9.4,6.6,11.378,8.611,9.852,2.0
8.68,4.96,8.782,3.852,1.2830000000000001,0.136,-0.9470000000000001,-0.059000000000000004,-10.7,-10.6,7.5,10.245,5.74,8.81,2.0
8.7,4.9799999999999995,8.4,3.52,1.2309999999999999,0.151,-0.946,0.024,-11.8,-9.6,7.9,9.021,7.518,8.27,2.0
8.72,5.000000000000001,8.056000000000001,3.5980000000000003,0.9470000000000001,0.22,-0.9490000000000001,0.11800000000000001,-11.0,-8.3,9.3,9.356,7.921,7.921,2.0
8.74,5.0200000000000005,7.933,3.4930000000000003,0.594,0.341,-0.9590000000000001,0.14,-10.1,-9.0,9.5,8.521,6.742000000000001,8.177,2.0
8.76,5.04,7.8020000000000005,3.741,0.278,0.299,-0.9359999999999999,0.16,-9.0,-8.5,10.2,7.721,8.611,6.664,2.0
8.78,5.06,7.56,3.4330000000000003,-0.132,0.384,-0.8859999999999999,0.198,-9.6,-7.9,9.9,9.089,7.61,7.632000000000001,2.0
8.8,5.080000000000001,7.4079999999999995,3.225,-0.7879999999999999,0.516,-0.867,0.237,-9.5,-8.3,10.8,7.632999999999999,6.229,8.132,2.0
8.82,5.1000000000000005,7.415,2.886,-1.166,0.667,-0.845,0.237,-8.8,-8.6,12.0,10.523,5.98,7.414,2.0
8.84,5.12,7.436,2.872,-1.225,0.748,-0.836,0.25,-7.9,-8.8,11.4,7.8870000000000005,6.66,7.396,2.0
8.86,5.14,7.267,2.634,-1.393,0.831,-0.809,0.294,-9.1,-6.1,11.9,7.223,6.517,5.059,2.0
8.88,5.160000000000001,7.044,2.315,-1.2770000000000001,0.902,-0.8059999999999999,0.349,-7.7,-6.6,13.9,9.158999999999999,6.697,7.397,2.0
8.9,5.180000000000001,6.986000000000001,2.1069999999999998,-1.413,0.83,-0.867,0.39,-7.6,-5.3,13.7,8.657,5.355,5.8629999999999995,2.0
8.92,5.2,7.315,2.0269999999999997,-1.564,0.728,-0.9159999999999999,0.40399999999999997,-6.5,-6.1,12.4,9.031,5.9510000000000005,6.813,2.0
8.94,5.22,7.683,1.915,-1.5630000000000002,0.527,-0.89,0.40700000000000003,-6.4,-4.1,14.2,9.02,4.988,5.875,2.0
8.96,5.240000000000001,7.694,1.608,-1.916,0.46799999999999997,-0.9159999999999999,0.457,-6.4,-4.5,13.3,8.015,5.343,7.058,2.0
8.98,5.260000000000001,8.087,1.2790000000000001,-1.5430000000000001,0.517,-0.9540000000000001,0.429,-6.2,-3.8,14.6,9.19,5.648,7.167000000000001,2.0
9.0,5.28,8.579,0.851,-1.4369999999999998,0.5579999999999999,-0.91,0.40399999999999997,-4.1,-3.6,14.9,10.815,5.3660000000000005,4.7,2.0
9.02,5.3,8.725,0.6990000000000001,-1.716,0.573,-0.8220000000000001,0.371,-3.9,-3.6,15.6,9.023,3.464,6.516,2.0
9.04,5.319999999999999,8.492,0.8220000000000001,-2.0180000000000002,0.57,-0.752,0.267,-3.3,-2.2,15.9,9.343,4.334,4.13,2.0
9.06,5.340000000000001,8.37,1.176,-2.445,0.508,-0.733,0.135,-3.4,-2.7,15.6,11.694,5.74,4.954,2.0
9.08,5.36,8.456,1.4169999999999998,-2.78,0.445,-0.7440000000000001,0.138,-3.1,-2.0,16.4,9.538,5.247000000000001,7.475,2.0
9.1,5.38,8.812999999999999,1.314,-3.12,0.462,-0.7609999999999999,0.153,-2.3,-0.7,16.2,9.089,4.152,4.461,2.0
9.12,5.3999999999999995,9.02,1.147,-3.4530000000000003,0.42200000000000004,-0.7190000000000001,0.177,-1.8,-0.8,16.4,9.567,4.093,2.525,2.0
9.14,5.420000000000001,9.271,0.8859999999999999,-3.536,0.331,-0.7070000000000001,0.14400000000000002,-2.0,-0.2,17.2,8.721,4.6,4.637,2.0
9.16,5.44,9.526,0.7559999999999999,-3.4939999999999998,0.278,-0.642,0.086,-1.3,-0.3,16.6,9.459,1.7719999999999998,3.9139999999999997,2.0
9.18,5.46,9.832,0.794,-3.425,0.191,-0.575,0.044000000000000004,-1.3,-0.7,17.3,12.302,4.2989999999999995,4.441,2.0
9.2,5.4799999999999995,9.873,0.966,-3.612,0.098,-0.494,0.067,-0.8,0.4,17.5,10.217,4.737,5.652,2.0
9.22,5.500000000000001,9.953,0.985,-3.877,0.02,-0.42700000000000005,0.098,-0.6,0.3,18.2,12.915999999999999,6.2,2.4290000000000003,2.0
9.24,5.5200000000000005,10.275,0.7559999999999999,-3.9619999999999997,-0.036000000000000004,-0.385,0.10099999999999999,-1.3,1.0,16.7,12.323,3.344,2.748,2.0
9.26,5.54,10.479000000000001,0.616,-3.897,-0.063,-0.32799999999999996,0.047,-0.1,-0.8,17.5,11.620999999999999,4.585,5.542000000000001,2.0
9.28,5.56,10.769,0.945,-4.053,-0.08199999999999999,-0.265,0.038,-0.1,0.3,17.1,12.280999999999999,4.677,4.784,2.0
9.3,5.580000000000001,11.062999999999999,1.068,-4.21,-0.106,-0.2,0.042,1.6,-1.0,17.5,11.205,5.3629999999999995,3.3489999999999998,2.0
9.32,5.6000000000000005,11.035,0.912,-4.312,-0.128,-0.09699999999999999,-0.003,0.5,0.5,17.7,11.097999999999999,5.2620000000000005,4.018,2.0
9.34,5.62,11.187999999999999,1.123,-4.294,-0.107,-0.027999999999999997,-0.018000000000000002,1.1,-0.2,17.4,13.095999999999998,5.678999999999999,3.23,2.0
9.36,5.64,11.214,1.157,-4.381,-0.151,0.054000000000000006,-0.023,1.0,-0.7,17.5,11.424000000000001,4.248,3.3489999999999998,3.0
9.38,5.660000000000001,11.264000000000001,0.889,-4.162,-0.136,0.135,-0.039,1.3,0.1,19.7,12.995,4.062,5.819,3.0
9.4,5.680000000000001,11.395,0.68,-4.026,-0.129,0.21600000000000003,-0.036000000000000004,0.4,0.9,17.8,13.685,4.638,5.1579999999999995,3.0
9.42,5.7,11.195,0.9259999999999999,-3.8080000000000003,-0.083,0.374,-0.015,0.0,-0.6,17.3,14.561,5.119,3.6260000000000003,3.0
9.44,5.72,10.802999999999999,1.348,-3.8110000000000004,-0.083,0.469,0.03,0.9,-0.6,17.4,12.855,4.428,2.87,3.0
9.46,5.740000000000001,10.954,1.4080000000000001,-3.833,-0.064,0.474,0.059000000000000004,0.3,0.7,15.9,11.537,4.728,3.093,3.0
9.48,5.760000000000001,11.027000000000001,1.483,-3.5580000000000003,-0.1,0.488,0.111,0.3,0.7,17.1,13.245,6.019,6.4479999999999995,3.0
9.5,5.78,10.761,1.281,-3.55,-0.11699999999999999,0.47700000000000004,0.083,-0.3,-0.2,17.2,14.439,5.395,5.1739999999999995,3.0
9.52,5.8,10.772,1.192,-3.455,-0.145,0.474,0.012,1.6,-0.6,17.1,13.719000000000001,6.027,4.784,3.0
9.54,5.819999999999999,10.753,1.405,-3.25,-0.149,0.514,0.013000000000000001,-0.9,-0.1,16.5,11.065999999999999,2.488,0.287,3.0
9.56,5.840000000000001,10.554,1.6269999999999998,-3.261,-0.18100000000000002,0.45,0.002,0.0,-0.6,16.9,11.505999999999998,6.194,5.212000000000001,3.0
9.58,5.86,10.818,1.443,-3.162,-0.141,0.387,-0.013999999999999999,-1.6,-0.6,16.3,10.138,5.281000000000001,7.084,3.0
9.6,5.88,11.005,1.288,-3.093,-0.092,0.387,-0.018000000000000002,-0.5,0.1,16.0,11.982999999999999,4.317,5.204,3.0
9.62,5.8999999999999995,10.758,1.3130000000000002,-2.943,-0.131,0.382,-0.034,0.1,0.2,16.0,10.065,4.31,6.678,3.0
9.64,5.920000000000001,10.769,1.338,-2.957,-0.13,0.36,-0.035,-1.4,-1.3,16.1,12.436,4.309,4.305,3.0
9.66,5.94,10.719000000000001,1.462,-2.855,-0.113,0.331,-0.04,0.4,-0.2,16.6,11.950999999999999,5.723,5.245,3.0
9.68,5.96,10.811,1.5319999999999998,-2.793,-0.099,0.321,-0.033,-1.1,-0.2,16.4,12.437999999999999,5.74,6.202999999999999,3.0
9.7,5.9799999999999995,10.796,1.63,-2.747,-0.09,0.29,-0.021,-0.7,-1.6,16.5,14.24,6.653,4.806,3.0
9.72,6.000000000000001,10.917,1.5290000000000001,-2.47,-0.045,0.262,-0.008,-0.7,1.5,16.2,12.915999999999999,6.61,5.146,3.0
9.74,6.0200000000000005,10.442,1.406,-2.309,-0.01,0.24100000000000002,-0.022000000000000002,-2.2,-0.3,16.1,10.967,5.226,6.112,3.0
9.76,6.04,10.805,1.51,-2.259,0.004,0.187,-0.049,-0.5,-0.9,15.4,10.131,6.485,6.218999999999999,3.0
9.78,6.06,11.397,1.597,-2.29,0.011000000000000001,0.13699999999999998,-0.08800000000000001,-3.0,-0.3,14.8,12.915999999999999,4.172,4.833,3.0
9.8,6.080000000000001,11.765,1.484,-2.434,0.037000000000000005,0.124,-0.095,-2.0,-0.6,16.1,13.507,5.995,4.982,3.0
9.82,6.1000000000000005,11.765,1.571,-2.3569999999999998,0.057999999999999996,0.127,-0.102,-0.9,0.4,16.0,12.437999999999999,4.721,5.5760000000000005,3.0
9.84,6.12,11.588,1.743,-2.454,0.11,0.114,-0.086,-1.2,0.1,14.7,14.073,5.671,8.263,3.0
9.86,6.14,11.982999999999999,1.82,-2.374,0.122,0.069,-0.066,-1.1,0.3,14.9,13.873,6.774,5.99,3.0
9.88,6.160000000000001,12.087,1.715,-2.545,0.087,0.09,-0.09,-2.2,-1.5,15.3,13.248,6.136,7.093,3.0
9.9,6.180000000000001,11.882,1.906,-2.449,0.10099999999999999,0.098,-0.042,-1.7,-0.3,14.9,12.915999999999999,7.265,5.172000000000001,3.0
9.92,6.2,11.967,1.8659999999999999,-2.363,0.071,0.08199999999999999,-0.027000000000000003,-1.8,-0.3,15.8,12.345999999999998,5.069,6.2139999999999995,3.0
9.94,6.22,12.065999999999999,1.7309999999999999,-2.353,0.06,0.08199999999999999,-0.068,-2.6,-1.4,14.5,10.290999999999999,3.322,4.887,3.0
9.96,6.240000000000001,11.947000000000001,1.805,-2.375,0.10099999999999999,0.13699999999999998,-0.087,-3.0,-1.5,14.9,12.069,4.856,3.091,3.0
9.98,6.260000000000001,11.710999999999999,1.893,-2.27,0.084,0.17800000000000002,-0.077,-1.6,-0.8,14.5,12.075999999999999,6.251,5.507000000000001,3.0
10.0,6.28,11.505,1.923,-2.169,0.094,0.198,-0.083,-3.6,-2.1,14.8,13.856,4.8,6.928,3.0
10.02,6.3,11.115,1.609,-2.121,0.08800000000000001,0.258,-0.063,-2.8,-0.4,13.4,11.22,6.045,6.697,3.0
10.04,6.319999999999999,10.988,1.675,-1.933,0.057,0.327,-0.055999999999999994,-3.0,-0.5,13.6,12.575,5.125,5.6739999999999995,3.0
10.06,6.340000000000001,10.700999999999999,1.764,-1.8940000000000001,-0.008,0.396,-0.057999999999999996,-2.8,-1.2,14.3,11.625,5.694,5.169,3.0
10.08,6.36,10.238999999999999,1.73,-2.0540000000000003,-0.03,0.44299999999999995,-0.067,-3.8,-0.9,13.6,10.197000000000001,5.085,5.236000000000001,3.0
10.1,6.38,10.127,1.788,-1.827,-0.028999999999999998,0.46399999999999997,-0.055999999999999994,-3.5,-1.8,13.8,12.759,7.654,6.534,3.0
10.12,6.3999999999999995,9.997,1.5230000000000001,-1.722,-0.05,0.524,-0.064,-4.1,-1.3,13.9,12.423,4.963,5.74,3.0
10.14,6.420000000000001,9.902999999999999,1.402,-1.726,-0.040999999999999995,0.562,-0.068,-3.9,-1.8,14.2,12.609000000000002,4.0680000000000005,6.697,3.0
10.16,6.44,10.046,1.12,-1.669,-0.073,0.5920000000000001,-0.07,-3.4,-0.9,13.5,10.524000000000001,4.551,4.906000000000001,3.0
10.18,6.46,9.824,0.8240000000000001,-1.444,-0.1,0.636,-0.102,-4.9,-2.4,12.8,10.155,3.827,7.545,3.0
10.2,6.4799999999999995,9.971,0.9620000000000001,-1.319,-0.10300000000000001,0.65,-0.14800000000000002,-6.2,-1.7,12.2,8.898,4.401,5.836,3.0
10.22,6.500000000000001,9.416,0.998,-1.172,-0.076,0.695,-0.125,-5.7,-2.2,11.4,11.331,5.507999999999999,7.176,3.0
10.24,6.5200000000000005,9.391,0.772,-1.203,-0.09300000000000001,0.716,-0.121,-6.6,-3.0,11.7,10.456,5.877999999999999,5.33,3.0
10.26,6.54,9.177,0.7829999999999999,-0.961,-0.08,0.777,-0.102,-5.8,-3.3,11.5,11.058,5.16,7.2860000000000005,3.0
10.28,6.56,9.006,0.833,-0.853,-0.1,0.818,-0.115,-7.0,-3.6,10.3,11.699000000000002,5.221,9.349,3.0
10.3,6.580000000000001,8.735,0.701,-0.757,-0.12,0.87,-0.124,-7.1,-2.4,11.6,10.270999999999999,4.388999999999999,6.472,3.0
10.32,6.6000000000000005,8.817,0.696,-0.594,-0.109,0.922,-0.107,-7.5,-3.1,9.2,10.307,4.537,7.64,3.0
10.34,6.62,8.6,0.823,-0.555,-0.068,0.996,-0.077,-6.8,-3.2,10.3,8.612,4.78,8.368,3.0
10.36,6.64,8.193999999999999,0.795,-0.488,-0.065,1.0590000000000002,-0.063,-9.0,-2.4,8.1,9.038,4.746,6.697,3.0
10.38,6.660000000000001,7.849,0.9309999999999999,-0.51,-0.06,1.136,-0.013000000000000001,-7.9,-3.7,8.6,8.106,4.053,6.829,3.0
10.4,6.680000000000001,7.691,1.328,-0.299,-0.07,1.2329999999999999,0.027999999999999997,-8.1,-3.9,6.4,9.347999999999999,5.043,8.431000000000001,3.0
10.42,6.7,7.462000000000001,1.66,-0.106,-0.11599999999999999,1.2919999999999998,0.066,-8.5,-3.4,6.0,7.229,5.794,7.973,3.0
10.44,6.72,7.22,2.002,0.13699999999999998,-0.133,1.348,0.13699999999999998,-8.1,-2.4,6.2,6.97,5.468,7.865,3.0
10.46,6.740000000000001,6.888,2.185,0.201,-0.5920000000000001,1.294,0.195,-8.5,-2.8,4.1,9.169,6.5360000000000005,8.53,3.0
10.48,6.760000000000001,7.042999999999999,2.168,0.8140000000000001,-0.354,1.285,0.247,-9.7,-2.3,4.6,8.32,5.257999999999999,8.132,3.0
10.5,6.78,7.394,2.396,1.474,-0.342,1.232,0.281,-9.7,-3.2,2.2,8.288,6.218999999999999,10.046,3.0
10.52,6.8,7.48,2.255,1.4680000000000002,-0.067,1.182,0.248,-8.5,-3.1,2.4,10.109,6.997000000000001,8.132,3.0
10.54,6.819999999999999,7.166,2.583,1.439,0.138,1.124,0.193,-9.5,-3.3,1.3,10.142999999999999,8.058,9.126,3.0
10.56,6.840000000000001,7.236000000000001,2.367,1.6369999999999998,0.47,1.092,0.22699999999999998,-8.8,-2.4,1.5,8.611,4.9319999999999995,11.151,3.0
10.58,6.86,7.649,2.9330000000000003,1.935,0.523,1.058,0.242,-9.7,-2.2,-1.5,8.291,7.496,9.571,3.0
10.6,6.88,7.765,2.772,2.043,0.623,0.9840000000000001,0.319,-9.2,-3.3,-0.6,8.132,5.74,10.524000000000001,3.0
10.62,6.8999999999999995,7.715,3.258,2.281,0.7190000000000001,0.973,0.46299999999999997,-9.5,-1.8,-1.3,7.755,6.364,9.146,3.0
10.64,6.920000000000001,7.692,2.679,2.859,0.718,0.958,0.575,-9.7,-1.8,-2.0,8.132,6.697,11.269,3.0
10.66,6.94,7.695,2.448,3.032,0.826,0.9520000000000001,0.6409999999999999,-8.7,-1.1,-2.7,8.78,7.035,10.74,3.0
10.68,6.96,7.667999999999999,2.274,3.1069999999999998,0.9940000000000001,0.9179999999999999,0.6709999999999999,-7.9,-0.8,-5.0,9.921,6.074,11.232000000000001,3.0
10.7,6.9799999999999995,7.506,2.682,3.1039999999999996,1.085,0.8809999999999999,0.7190000000000001,-8.6,-0.2,-5.9,8.971,6.093999999999999,10.399000000000001,3.0
10.72,7.000000000000001,7.229,2.405,3.3930000000000002,1.2409999999999999,0.804,0.8009999999999999,-7.8,-1.6,-6.6,7.287000000000001,5.775,11.037,3.0
10.74,7.0200000000000005,7.103,1.867,3.7319999999999998,1.4569999999999999,0.69,0.847,-8.4,0.9,-7.6,7.697,5.1579999999999995,12.272,3.0
10.76,7.04,7.24,1.8969999999999998,4.237,1.6119999999999999,0.565,0.858,-7.2,-0.7,-9.7,8.902999999999999,6.316,11.481,3.0
10.78,7.06,7.763,1.435,4.723,1.7619999999999998,0.44,0.875,-6.1,0.9,-10.3,9.452,6.697,12.462,3.0
10.8,7.080000000000001,8.152000000000001,1.163,5.039,1.9480000000000002,0.28800000000000003,0.955,-6.0,0.2,-11.0,11.54,5.405,11.707,3.0
10.82,7.1000000000000005,8.814,0.49,5.129,2.0140000000000002,0.223,1.014,-7.3,2.4,-12.8,7.546,3.735,12.037,3.0
10.84,7.12,9.421,0.13,4.688,1.9809999999999999,0.21,1.069,-4.6,2.3,-13.4,11.341,5.332000000000001,12.507,3.0
10.86,7.14,9.292,-0.45,4.313,1.8940000000000001,0.223,1.109,-4.9,2.3,-13.5,11.543,2.285,12.685,3.0
10.88,7.160000000000001,9.427,-0.564,4.2010000000000005,1.869,0.259,1.1540000000000001,-4.7,0.1,-14.4,11.427,1.597,12.862,3.0
10.9,7.180000000000001,9.606,-0.57,4.4830000000000005,1.8619999999999999,0.21899999999999997,1.161,-3.9,2.4,-17.3,11.481,4.2589999999999995,12.484000000000002,3.0
10.92,7.2,9.455,-0.317,4.381,1.845,0.21600000000000003,1.128,-3.4,3.0,-16.5,10.046,1.589,11.481,3.0
10.94,7.22,9.293,-0.183,4.015,1.828,0.265,1.15,-2.3,2.7,-18.9,9.212,3.2260000000000004,12.947000000000001,3.0
10.96,7.240000000000001,9.615,0.057999999999999996,4.196000000000001,1.837,0.294,1.1540000000000001,-1.1,1.6,-19.1,9.181000000000001,1.595,13.667,3.0
10.98,7.260000000000001,9.488999999999999,-0.08199999999999999,4.213,1.808,0.309,1.109,-2.1,1.8,-21.9,10.539000000000001,3.273,11.944,3.0
11.0,7.28,9.283,0.005,4.309,1.751,0.335,1.074,-1.5,2.6,-21.0,10.51,2.877,14.315,3.0
11.02,7.3,9.06,0.03,3.966,1.739,0.397,1.047,0.1,2.0,-23.0,10.046,0.006,11.958,3.0
11.04,7.319999999999999,8.946,-0.205,3.967,1.798,0.433,1.057,0.1,2.7,-23.2,9.517000000000001,2.434,12.429,3.0
11.06,7.340000000000001,8.798,-0.38,3.929,1.829,0.46299999999999997,1.0659999999999998,0.8,1.5,-24.3,9.105,3.3,13.857000000000001,3.0
11.08,7.36,8.676,-0.39799999999999996,3.989,1.7919999999999998,0.46799999999999997,1.082,1.7,1.0,-25.6,11.433,3.755,12.892000000000001,3.0
11.1,7.38,8.581,-0.40700000000000003,4.093,1.817,0.452,1.0979999999999999,0.8,0.3,-27.2,11.258,1.913,12.821,3.0
11.12,7.3999999999999995,8.56,-0.485,4.194,1.8130000000000002,0.442,1.099,3.6,1.8,-26.8,7.255,0.158,10.244000000000002,3.0
11.14,7.420000000000001,8.451,-0.81,4.413,1.825,0.413,1.074,3.6,0.5,-28.5,9.137,1.146,13.3,3.0
11.16,7.44,7.992999999999999,-1.4480000000000002,4.737,1.7530000000000001,0.364,0.992,4.0,-0.6,-30.1,10.725999999999999,2.613,13.652000000000001,4.0
11.18,7.46,8.482000000000001,-0.644,4.253,1.804,0.36200000000000004,1.078,3.3,0.0,-30.6,9.757,1.85,14.577,4.0
11.2,7.4799999999999995,8.497,-0.536,4.059,1.805,0.326,1.04,5.1,-2.4,-33.1,9.567,3.88,12.915999999999999,4.0
11.22,7.500000000000001,8.255,-1.1320000000000001,4.313,1.7690000000000001,0.301,0.958,5.2,-2.0,-33.6,10.288,1.599,13.315999999999999,4.0
11.24,7.5200000000000005,8.297,-1.264,4.329,1.8869999999999998,0.295,1.061,6.7,-3.0,-32.3,10.524000000000001,1.781,13.003,4.0
11.26,7.54,8.294,-1.187,4.211,1.786,0.179,0.904,6.2,-3.4,-34.5,10.052999999999999,0.9570000000000001,10.43,4.0
11.28,7.56,8.311,-1.5490000000000002,4.311,1.879,0.225,0.9440000000000001,6.6,-5.3,-34.5,7.676,0.4,11.581,4.0
11.3,7.580000000000001,8.125,-1.453,4.428,1.8330000000000002,0.153,0.86,7.5,-4.7,-34.5,8.611,1.49,9.724,4.0
11.32,7.6000000000000005,8.213,-1.538,4.238,1.88,0.125,0.868,7.6,-6.4,-36.2,9.966000000000001,1.435,11.847999999999999,4.0
11.34,7.62,8.547,-1.8219999999999998,4.172,1.876,0.114,0.847,7.2,-6.7,-35.3,8.963,2.753,10.154,4.0
11.36,7.64,8.307,-1.7109999999999999,4.24,1.848,0.068,0.8190000000000001,8.1,-8.9,-36.6,9.908999999999999,0.711,12.984000000000002,4.0
11.38,7.660000000000001,8.353,-1.693,4.173,1.849,0.03,0.828,8.2,-9.2,-37.7,11.352,1.693,12.217,4.0
11.4,7.680000000000001,8.123,-1.7530000000000001,4.255,1.7169999999999999,-0.077,0.629,8.1,-10.6,-37.1,9.986,0.0,11.481,4.0
11.42,7.7,8.982000000000001,-1.964,4.149,1.9,-0.046,0.7929999999999999,8.5,-11.3,-38.7,10.244000000000002,1.517,12.182,4.0
11.44,7.72,9.113999999999999,-1.929,4.117,1.8980000000000001,-0.055,0.7829999999999999,8.3,-13.3,-38.3,12.17,2.7889999999999997,12.105,4.0
11.46,7.740000000000001,9.039,-1.9340000000000002,3.8339999999999996,1.8869999999999998,-0.022000000000000002,0.7659999999999999,8.7,-13.2,-38.4,11.655999999999999,2.217,11.959000000000001,4.0
11.48,7.760000000000001,9.255,-1.673,3.835,1.875,0.021,0.737,10.0,-14.1,-39.1,9.561,1.278,10.530999999999999,4.0
11.5,7.78,9.234,-1.317,3.845,1.893,0.046,0.705,7.2,-16.1,-38.9,10.535,1.272,11.003,4.0
11.52,7.8,9.559,-1.012,4.038,1.875,0.07200000000000001,0.6709999999999999,10.2,-17.2,-39.2,12.747,4.784,11.509,4.0
11.54,7.819999999999999,10.005,-0.631,4.357,1.882,0.098,0.625,8.3,-17.9,-40.6,11.436,2.004,11.875,4.0
11.56,7.840000000000001,9.507,-0.175,4.168,1.895,0.182,0.639,10.3,-19.4,-38.5,8.375,0.9570000000000001,11.772,4.0
11.58,7.86,9.558,0.11,3.654,1.819,0.301,0.6629999999999999,10.4,-20.5,-38.7,10.71,2.551,10.232000000000001,4.0
11.6,7.88,9.888,0.579,3.58,1.745,0.37,0.6890000000000001,9.5,-21.6,-40.3,11.196,3.924,11.384,4.0
11.62,7.8999999999999995,9.969,1.203,4.231,1.6340000000000001,0.40399999999999997,0.735,10.2,-22.3,-40.3,11.845,4.784,11.481,4.0
11.64,7.920000000000001,10.005,1.672,4.51,1.46,0.43799999999999994,0.7659999999999999,11.6,-23.2,-39.2,10.452,3.958,13.408,4.0
11.66,7.94,10.376,2.407,4.723,1.306,0.43799999999999994,0.77,10.8,-23.3,-40.1,9.863999999999999,3.1060000000000003,12.047,4.0
11.68,7.96,10.167,2.738,4.644,1.229,0.457,0.809,9.7,-25.6,-40.2,12.009,7.077000000000001,12.915999999999999,4.0
11.7,7.9799999999999995,9.865,2.7939999999999996,4.428999999999999,1.14,0.499,0.833,10.6,-25.9,-41.5,9.458,5.483,12.29,4.0
11.72,8.0,9.876,2.972,4.359,1.068,0.504,0.802,11.2,-25.3,-39.3,12.043,5.303999999999999,13.436,4.0
11.74,8.02,9.526,2.908,4.496,1.074,0.44,0.71,10.7,-26.5,-40.2,9.567,5.504,12.443,4.0
11.76,8.04,8.99,2.765,4.6080000000000005,1.0979999999999999,0.405,0.638,12.3,-26.5,-40.7,8.814,6.942,13.171,4.0
11.78,8.059999999999999,8.757,2.407,4.748,1.133,0.33899999999999997,0.565,11.2,-25.9,-41.1,9.089,6.271,13.116,4.0
11.8,8.080000000000002,8.469,2.097,4.7219999999999995,1.149,0.321,0.53,11.0,-27.4,-39.6,9.401,6.999,11.918,4.0
11.82,8.100000000000001,8.215,1.9240000000000002,4.74,1.14,0.322,0.525,11.3,-28.5,-40.4,9.071,5.626,11.959000000000001,4.0
11.84,8.120000000000001,7.82,1.742,4.731,1.1179999999999999,0.332,0.5770000000000001,11.2,-29.1,-40.3,8.32,6.479,11.887,4.0
11.86,8.14,7.377000000000001,1.695,4.632,1.087,0.308,0.617,12.9,-30.2,-39.5,8.397,5.369,11.764000000000001,4.0
11.88,8.16,7.183,1.547,4.624,1.08,0.218,0.595,12.7,-29.5,-39.5,8.693999999999999,4.888,14.745999999999999,4.0
11.9,8.18,7.2829999999999995,1.4980000000000002,4.803,1.104,0.24100000000000002,0.5710000000000001,10.9,-31.2,-38.1,10.644,6.337999999999999,13.634,4.0
11.92,8.2,7.1610000000000005,1.6680000000000001,4.84,1.111,0.23800000000000002,0.5660000000000001,12.2,-31.6,-38.7,8.881,5.053999999999999,14.731,4.0
11.94,8.219999999999999,6.761,1.486,4.973,1.131,0.18100000000000002,0.506,10.3,-33.6,-38.6,6.218999999999999,4.482,11.821,4.0
11.96,8.240000000000002,6.815,1.5119999999999998,5.046,1.095,0.149,0.439,11.8,-33.0,-39.2,7.176,5.751,12.739,4.0
11.98,8.260000000000002,6.968999999999999,1.5,5.118,1.065,0.12,0.408,11.5,-33.5,-38.1,8.759,6.218999999999999,14.350999999999999,4.0
12.0,8.280000000000001,6.86,1.301,5.206,1.0390000000000001,0.11199999999999999,0.493,10.8,-34.1,-38.1,10.046,5.2620000000000005,11.679,4.0
12.02,8.3,6.831,1.4980000000000002,5.309,1.044,0.094,0.46299999999999997,13.0,-35.6,-37.2,8.184,6.006,12.997,4.0
12.04,8.32,6.858,1.385,5.484,1.011,0.08,0.509,11.2,-34.5,-37.3,8.361,5.1579999999999995,13.394,4.0
12.06,8.34,6.744,1.733,5.6979999999999995,0.934,0.069,0.589,10.4,-35.5,-37.6,8.611,5.6129999999999995,12.788,4.0
12.08,8.36,6.877999999999999,1.4780000000000002,5.855,0.914,0.064,0.539,11.0,-35.8,-37.8,6.437,4.935,13.243,4.0
12.1,8.379999999999999,6.98,2.002,5.974,0.8759999999999999,0.067,0.625,10.3,-36.2,-36.9,7.35,5.06,12.539000000000001,4.0
12.12,8.399999999999999,7.49,1.565,6.1370000000000005,0.8590000000000001,0.075,0.599,11.0,-36.5,-35.8,8.996,6.51,15.11,4.0
12.14,8.420000000000002,7.417000000000001,1.5230000000000001,6.1,0.78,0.11,0.63,10.0,-36.7,-36.5,10.35,4.697,13.177,4.0
12.16,8.440000000000001,7.757000000000001,1.5719999999999998,6.117999999999999,0.7170000000000001,0.151,0.679,10.5,-37.8,-36.1,8.927,5.343,13.475999999999999,4.0
12.18,8.46,8.074,1.555,6.279,0.6559999999999999,0.165,0.7120000000000001,9.9,-37.1,-34.7,10.524000000000001,4.129,16.189,4.0
12.2,8.48,7.926,1.781,6.507999999999999,0.569,0.166,0.777,9.9,-37.7,-35.1,7.792999999999999,4.923,16.255,4.0
12.22,8.5,8.245,1.5659999999999998,6.567,0.535,0.172,0.7490000000000001,10.0,-38.6,-34.5,8.26,5.803999999999999,15.116,4.0
12.24,8.52,8.746,1.695,7.027,0.515,0.192,0.7390000000000001,8.3,-38.0,-34.5,12.379000000000001,5.857,15.786,4.0
12.26,8.54,9.76,1.758,7.314,0.5770000000000001,0.161,0.7509999999999999,8.9,-37.4,-34.4,12.864,5.315,14.509,4.0
12.28,8.559999999999999,10.66,1.4409999999999998,7.3870000000000005,0.633,0.142,0.797,9.3,-38.3,-32.7,11.481,5.356,13.966,4.0
12.3,8.580000000000002,11.795,1.051,7.322,0.6829999999999999,0.16899999999999998,0.831,9.8,-37.9,-33.0,13.039000000000001,5.931,14.350999999999999,4.0
12.32,8.600000000000001,11.125,0.006,5.859,0.7090000000000001,0.28,0.805,9.2,-38.3,-33.3,11.959000000000001,4.27,15.202,4.0
12.34,8.620000000000001,9.503,-0.657,4.202,0.742,0.366,0.8190000000000001,8.9,-38.8,-32.2,9.898,2.244,11.57,4.0
12.36,8.64,8.592,-1.375,3.443,0.8240000000000001,0.26,0.86,8.9,-38.8,-33.4,8.324,1.985,10.261,4.0
12.38,8.66,10.036,-1.848,3.708,0.904,0.005,0.722,8.8,-38.5,-32.2,11.959000000000001,1.048,11.923,4.0
12.4,8.68,10.460999999999999,-2.081,4.2219999999999995,0.843,0.067,0.759,8.2,-38.2,-31.5,11.517999999999999,0.062,13.847999999999999,4.0
12.42,8.7,9.676,-1.86,4.709,0.907,0.06,0.602,8.8,-38.3,-33.0,11.939,2.405,12.915999999999999,4.0
12.44,8.719999999999999,9.645,-0.976,4.821000000000001,0.775,0.083,0.57,8.3,-38.5,-32.3,10.999,3.821,10.05,4.0
12.46,8.740000000000002,9.344,-0.344,4.551,0.36700000000000005,0.249,0.61,6.2,-37.2,-32.0,10.055,3.353,11.49,4.0
12.48,8.760000000000002,8.623,-0.361,4.2669999999999995,0.41100000000000003,0.327,0.518,7.2,-38.2,-33.0,9.526,2.423,12.947000000000001,4.0
12.5,8.780000000000001,7.861000000000001,0.204,4.053,0.526,0.368,0.375,7.5,-39.1,-31.0,8.658999999999999,1.038,14.286,4.0
12.52,8.8,7.336,0.304,4.112,0.531,0.39799999999999996,0.29100000000000004,6.8,-39.6,-31.3,8.089,3.761,12.807,4.0
12.54,8.82,6.63,0.41100000000000003,4.351,0.509,0.353,0.235,7.2,-39.6,-30.3,7.148,2.3369999999999997,14.324000000000002,4.0
12.56,8.84,6.4910000000000005,-0.32,4.565,0.56,0.258,-0.033,7.2,-39.4,-31.5,6.797000000000001,1.913,14.218,4.0
12.58,8.86,6.586,-0.625,4.657,0.498,0.214,-0.08900000000000001,7.7,-40.0,-31.2,5.303,2.31,10.687999999999999,4.0
12.6,8.879999999999999,6.599,-0.903,5.088,0.436,0.223,-0.113,7.7,-40.2,-31.3,8.796,3.202,15.162,4.0
12.62,8.899999999999999,6.502000000000001,-1.137,5.2589999999999995,0.375,0.196,-0.168,8.5,-40.6,-30.6,5.9670000000000005,0.17,14.773,4.0
12.64,8.920000000000002,6.601,-1.112,5.393,0.305,0.19399999999999998,-0.162,6.8,-39.8,-31.1,8.831,1.693,13.652000000000001,4.0
12.66,8.940000000000001,6.622999999999999,-1.115,5.497999999999999,0.228,0.185,-0.11199999999999999,7.9,-41.3,-31.7,6.029,3.655,13.800999999999998,4.0
12.68,8.96,6.551,-0.755,5.853,0.146,0.152,-0.08199999999999999,7.6,-39.7,-30.8,7.494,2.312,14.190999999999999,4.0
12.7,8.98,6.347,-0.51,5.952000000000001,0.09699999999999999,0.126,-0.055,8.1,-40.1,-29.7,8.045,2.177,14.654000000000002,4.0
12.72,9.0,6.443,-0.541,5.954,0.094,0.11199999999999999,-0.034,7.6,-40.7,-30.9,7.08,2.87,13.107000000000001,4.0
12.74,9.02,6.91,-0.7340000000000001,6.107,0.09300000000000001,0.09699999999999999,-0.037000000000000005,8.7,-40.7,-30.8,9.089,1.8880000000000001,15.89,4.0
12.76,9.04,7.216,-0.887,6.284,0.083,0.086,-0.07400000000000001,8.3,-40.6,-30.6,8.388,2.759,13.25,4.0
12.78,9.059999999999999,7.832999999999999,-0.9390000000000001,6.412999999999999,0.053,0.087,-0.126,8.9,-40.4,-30.9,8.132,2.156,14.353,4.0
12.8,9.080000000000002,8.167,-0.941,6.5120000000000005,0.036000000000000004,0.111,-0.14400000000000002,8.0,-41.0,-30.3,8.835,0.703,13.648,4.0
12.82,9.100000000000001,8.198,-0.823,6.787000000000001,0.054000000000000006,0.14300000000000002,-0.17,8.8,-40.9,-31.6,11.345999999999998,3.841,15.308,4.0
12.84,9.120000000000001,8.328,-0.39899999999999997,6.854,0.13,0.151,-0.20800000000000002,7.6,-40.8,-30.7,9.71,4.55,16.316,4.0
12.86,9.14,9.136000000000001,-0.23399999999999999,7.252999999999999,0.20600000000000002,0.131,-0.237,8.4,-41.7,-31.5,12.315,4.032,15.663,4.0
12.88,9.16,10.207,0.085,7.676,0.193,0.157,-0.28,9.0,-41.1,-31.5,12.595999999999998,3.5069999999999997,13.232000000000001,4.0
12.9,9.18,10.595999999999998,0.877,7.337999999999999,0.081,0.259,-0.319,8.8,-41.8,-31.3,10.71,2.7430000000000003,16.099,4.0
12.92,9.2,11.967,1.5659999999999998,7.654,0.023,0.26,-0.359,8.1,-41.2,-31.1,12.610999999999999,4.001,17.048,4.0
12.94,9.219999999999999,10.889000000000001,2.235,6.8660000000000005,0.01,0.307,-0.341,9.2,-41.7,-30.8,11.415,5.377000000000001,14.054,4.0
12.96,9.240000000000002,8.719,2.292,4.816,-0.053,0.386,-0.22699999999999998,9.8,-41.3,-31.5,9.378,6.119,13.285,4.0
12.98,9.260000000000002,8.011000000000001,2.075,4.146,-0.124,0.355,-0.11199999999999999,10.2,-41.4,-31.7,9.173,6.3870000000000005,12.27,4.0
13.0,9.280000000000001,8.546,2.081,4.775,-0.24100000000000002,0.223,-0.115,10.8,-41.1,-32.7,8.68,4.988,11.204,4.0
13.02,9.3,8.499,2.123,5.024,-0.292,0.10800000000000001,-0.175,10.4,-41.4,-32.6,9.357000000000001,5.74,15.75,4.0
13.04,9.32,8.324,2.155,5.223,-0.302,0.025,-0.256,10.6,-41.9,-31.5,10.262,6.172000000000001,14.089,4.0
13.06,9.34,8.412,2.194,5.517,-0.23,-0.018000000000000002,-0.28,11.1,-40.4,-31.8,10.524000000000001,6.8839999999999995,15.085999999999999,4.0
13.08,9.36,8.267000000000001,1.9680000000000002,5.466,-0.16399999999999998,0.009000000000000001,-0.244,10.0,-41.5,-32.1,9.842,4.784,15.081,4.0
13.1,9.379999999999999,7.847,1.64,5.301,-0.122,0.075,-0.141,11.4,-39.8,-31.9,8.623,4.772,14.350999999999999,4.0
13.12,9.399999999999999,7.497000000000001,1.426,5.136,-0.174,0.132,-0.004,10.1,-40.9,-32.2,7.415,4.544,14.828,4.0
13.14,9.420000000000002,6.941,1.133,5.078,-0.188,0.152,0.102,11.1,-38.6,-31.7,8.632,5.05,12.671,4.0
13.16,9.440000000000001,6.3420000000000005,1.036,5.278,-0.171,0.138,0.132,10.9,-39.7,-33.0,6.675,4.533,15.352,4.0
13.18,9.46,5.6339999999999995,0.9179999999999999,5.519,-0.01,0.055999999999999994,0.223,10.9,-40.9,-33.8,7.944,6.886,12.95,4.0
13.2,9.48,5.976,1.334,5.568,-0.03,0.049,0.19,10.3,-40.1,-33.2,8.656,5.2620000000000005,11.824000000000002,4.0
13.22,9.5,5.749,1.2790000000000001,5.5760000000000005,0.032,0.019,0.145,10.0,-41.1,-32.0,7.232,5.586,13.280999999999999,4.0
13.24,9.52,5.686,1.0959999999999999,5.805,0.065,-0.019,0.091,10.3,-41.0,-33.6,6.287999999999999,5.398,13.120999999999999,4.0
13.26,9.54,5.736000000000001,1.026,5.89,0.121,-0.075,0.078,10.1,-40.2,-32.5,7.534,3.906,15.825,4.0
13.28,9.559999999999999,5.805,1.226,5.979,0.18100000000000002,-0.10099999999999999,0.08900000000000001,9.3,-40.4,-33.3,6.891,6.218999999999999,14.921,4.0
13.3,9.580000000000002,6.0729999999999995,1.421,6.0760000000000005,0.221,-0.098,0.12300000000000001,11.5,-41.1,-33.0,6.492000000000001,4.784,15.495999999999999,4.0
13.32,9.600000000000001,6.2379999999999995,1.608,6.039,0.22899999999999998,-0.043,0.16899999999999998,9.8,-41.2,-32.5,8.246,6.582999999999999,14.42,4.0
13.34,9.620000000000001,6.5889999999999995,1.568,6.0089999999999995,0.24600000000000002,0.016,0.225,10.9,-41.8,-32.8,8.713,5.968,13.07,4.0
13.36,9.64,6.986000000000001,1.6059999999999999,5.72,0.21600000000000003,0.075,0.29100000000000004,9.4,-40.4,-32.0,8.132,5.672000000000001,14.078,4.0
13.38,9.66,7.652,1.838,6.247999999999999,0.212,0.107,0.358,10.6,-40.3,-33.0,9.106,5.888999999999999,15.109000000000002,4.0
13.4,9.68,7.711,1.735,6.641,0.19399999999999998,0.121,0.42200000000000004,9.0,-40.0,-32.7,10.047,4.9430000000000005,15.468,4.0
13.42,9.7,7.43,1.636,6.848,0.179,0.1,0.49200000000000005,9.1,-41.2,-32.3,7.671,3.0410000000000004,15.497,4.0
13.44,9.719999999999999,7.511,1.521,6.417999999999999,0.138,0.083,0.479,9.4,-40.4,-31.9,7.874,5.004,15.05,4.0
13.46,9.740000000000002,8.75,1.459,7.386,0.183,0.03,0.42100000000000004,9.4,-39.9,-32.3,10.919,5.206,15.87,4.0
13.48,9.760000000000002,9.627,1.6540000000000001,7.529,0.281,0.013999999999999999,0.39399999999999996,7.6,-39.4,-32.2,10.37,5.319,15.365,4.0
13.5,9.780000000000001,11.02,1.369,7.808,0.366,0.065,0.469,8.0,-41.0,-32.4,10.524000000000001,3.76,15.308,4.0
13.52,9.8,10.937000000000001,0.304,6.992000000000001,0.369,0.162,0.489,9.0,-41.1,-32.0,12.317,3.9419999999999997,13.876,4.0
13.54,9.82,9.634,-0.302,5.705,0.35,0.18600000000000003,0.515,8.8,-40.2,-32.3,10.524000000000001,2.87,12.802999999999999,4.0
13.56,9.84,8.777999999999999,-1.0170000000000001,4.746,0.34600000000000003,0.14,0.5670000000000001,8.8,-41.1,-32.6,11.161,4.143,14.082,4.0
13.58,9.86,8.913,-1.465,5.067,0.33,0.021,0.585,7.5,-40.5,-31.6,9.368,0.3,12.895,4.0
13.6,9.879999999999999,9.418,-1.41,5.572,0.369,-0.042,0.46,8.4,-40.8,-30.8,9.369,0.5589999999999999,13.978,4.0
13.62,9.899999999999999,8.783,-1.015,5.437,0.444,-0.042,0.426,7.7,-40.5,-30.5,10.789000000000001,1.176,14.484000000000002,4.0
13.64,9.920000000000002,8.79,-0.586,5.426,0.391,-0.057,0.365,7.9,-41.0,-31.3,9.328,1.754,13.395,4.0
13.66,9.940000000000001,8.764,-0.102,5.574,0.303,-0.054000000000000006,0.332,8.6,-41.4,-31.0,9.495,1.986,14.83,4.0
13.68,9.96,8.555,0.204,5.477,0.196,-0.017,0.28300000000000003,6.8,-40.6,-29.1,9.023,4.7989999999999995,16.265,4.0
13.7,9.98,8.08,0.171,5.256,0.162,0.021,0.203,7.3,-40.8,-30.6,9.152000000000001,2.989,13.276,4.0
13.72,10.0,7.51,0.04,5.022,0.161,0.032,0.083,8.5,-41.5,-31.6,6.482,1.5930000000000002,14.193,4.0
13.74,10.02,7.242000000000001,-0.266,4.981,0.12,0.002,-0.009000000000000001,9.1,-39.3,-31.4,9.043,4.168,11.573,4.0
13.76,10.04,7.297000000000001,-0.5379999999999999,4.833,0.061,-0.12300000000000001,-0.141,8.1,-41.8,-30.6,7.81,2.197,13.033,4.0
13.78,10.059999999999999,7.351,-0.6709999999999999,5.073,0.015,-0.066,-0.19699999999999998,7.4,-41.5,-30.2,8.642999999999999,4.305,11.546,4.0
13.8,10.080000000000002,6.806,-0.7659999999999999,5.121,-0.073,-0.075,-0.22699999999999998,6.8,-40.8,-31.0,8.311,3.323,14.3,4.0
13.82,10.100000000000001,6.769,-0.7440000000000001,5.18,-0.147,-0.08,-0.223,7.5,-41.4,-30.2,8.132,2.8139999999999996,14.773,4.0
13.84,10.120000000000001,6.775,-0.47700000000000004,5.3839999999999995,-0.22,-0.12,-0.22,8.2,-41.0,-31.2,9.101,1.902,14.279000000000002,4.0
13.86,10.14,6.962999999999999,-0.6,5.419,-0.222,-0.11699999999999999,-0.285,7.4,-41.0,-30.8,10.488,2.392,14.798,4.0
13.88,10.16,6.9,-0.44799999999999995,5.449,-0.256,-0.142,-0.341,7.5,-40.7,-30.2,5.747000000000001,1.9180000000000001,12.447000000000001,4.0
13.9,10.18,7.032,-0.5710000000000001,5.434,-0.255,-0.154,-0.39799999999999996,7.5,-41.4,-31.4,6.697,3.307,14.805,4.0
13.92,10.2,7.153,-0.5489999999999999,5.457999999999999,-0.265,-0.152,-0.43200000000000005,6.9,-41.9,-31.1,8.117,4.32,14.335999999999999,4.0
13.94,10.219999999999999,7.489,-0.6,5.4239999999999995,-0.267,-0.147,-0.452,7.2,-41.3,-31.4,6.284,1.37,13.482000000000001,4.0
13.96,10.240000000000002,7.8260000000000005,-0.684,5.6,-0.285,-0.126,-0.484,8.1,-42.3,-31.5,8.161,2.306,13.366,4.0
13.98,10.260000000000002,8.006,-0.552,5.782,-0.32,-0.083,-0.499,7.9,-41.2,-29.9,9.391,0.0,14.174000000000001,4.0
14.0,10.280000000000001,8.116,-0.376,6.04,-0.33399999999999996,-0.081,-0.523,8.3,-41.5,-31.3,9.567,3.391,13.789000000000001,4.0
14.02,10.3,7.801,-0.282,6.138999999999999,-0.313,-0.068,-0.5479999999999999,8.7,-42.3,-31.1,9.47,3.865,15.308,4.0
14.04,10.32,7.979,-0.105,6.263,-0.28600000000000003,-0.10400000000000001,-0.561,8.4,-40.5,-31.0,9.232999999999999,2.336,15.085,4.0
14.06,10.34,8.669,0.18600000000000003,6.755,-0.29,-0.14400000000000002,-0.575,9.2,-41.5,-31.5,9.88,2.2880000000000003,15.120999999999999,4.0
14.08,10.36,8.907,0.565,6.8420000000000005,-0.305,-0.141,-0.61,8.9,-41.5,-31.3,9.907,3.418,13.199000000000002,4.0
14.1,10.379999999999999,10.290999999999999,0.9620000000000001,6.956,-0.414,-0.136,-0.637,9.8,-43.4,-31.4,8.436,4.457,14.677999999999999,4.0
14.12,10.399999999999999,10.790999999999999,1.798,6.928999999999999,-0.47700000000000004,-0.14,-0.6779999999999999,8.8,-41.3,-30.8,12.915999999999999,6.136,16.412,4.0
14.14,10.420000000000002,10.062999999999999,2.231,6.532,-0.473,-0.111,-0.66,9.0,-42.0,-31.1,11.212,5.74,15.965,4.0
14.16,10.440000000000001,8.53,2.336,5.381,-0.429,-0.05,-0.506,9.5,-41.3,-32.2,9.378,6.79,10.815999999999999,4.0
14.18,10.46,7.624,2.265,4.489,-0.405,-0.10800000000000001,-0.35200000000000004,9.9,-42.0,-32.6,8.302,6.66,12.747,4.0
14.2,10.48,7.25,2.408,3.889,-0.423,-0.237,-0.41100000000000003,8.4,-42.0,-30.8,8.869,7.066,13.065,4.0
14.22,10.5,8.568,2.923,4.197,-0.485,-0.313,-0.434,8.9,-42.3,-32.1,8.494,5.624,13.277999999999999,4.0
14.24,10.52,8.321,2.613,4.768,-0.413,-0.37799999999999995,-0.49200000000000005,9.8,-42.3,-31.2,10.879000000000001,7.994,12.793,4.0
14.26,10.54,8.467,2.77,5.059,-0.4,-0.525,-0.48100000000000004,9.7,-41.3,-33.0,8.523,6.001,13.394,4.0
14.28,10.559999999999999,8.474,2.639,5.149,-0.294,-0.55,-0.41100000000000003,8.9,-42.1,-31.5,8.271,6.903,12.780999999999999,4.0
14.3,10.580000000000002,8.192,2.7119999999999997,4.952,-0.265,-0.513,-0.337,9.2,-41.3,-30.8,8.039,3.3989999999999996,13.729000000000001,4.0
14.32,10.600000000000001,8.155,2.356,4.535,-0.203,-0.44,-0.209,9.3,-42.1,-33.0,7.934,5.39,13.745,4.0
14.34,10.620000000000001,7.767,2.298,4.262,-0.20800000000000002,-0.425,-0.175,9.0,-42.3,-30.9,9.249,6.059,13.713,4.0
14.36,10.64,7.3660000000000005,2.198,4.351,-0.109,-0.495,-0.016,8.0,-42.2,-32.4,8.922,5.5729999999999995,13.083,4.0
14.38,10.66,7.805,2.39,4.301,-0.06,-0.494,-0.027999999999999997,8.9,-41.9,-31.7,7.7010000000000005,7.176,10.968,4.0
14.4,10.68,7.529,2.225,4.34,-0.006999999999999999,-0.505,0.006,7.2,-41.7,-31.4,9.75,7.358,12.437999999999999,4.0
14.42,10.7,7.457000000000001,2.3,4.417,0.057,-0.505,0.049,6.0,-41.2,-31.5,9.467,6.218999999999999,12.247,4.0
14.44,10.719999999999999,7.3420000000000005,2.226,4.289,0.095,-0.506,0.073,7.4,-40.1,-31.1,8.295,5.2620000000000005,13.079,4.0
14.46,10.740000000000002,7.48,2.3040000000000003,4.396,0.131,-0.504,0.092,7.2,-42.0,-30.7,8.001,6.566,12.915999999999999,4.0
14.48,10.760000000000002,7.4510000000000005,2.419,4.324,0.17300000000000001,-0.524,0.10800000000000001,6.0,-42.3,-30.4,8.975,4.834,12.023,4.0
14.5,10.780000000000001,7.582999999999999,2.45,4.148,0.284,-0.49200000000000005,0.18899999999999997,6.5,-41.4,-31.3,8.132,8.062999999999999,10.08,5.0
14.52,10.8,7.877000000000001,2.585,3.984,0.321,-0.491,0.17800000000000002,5.5,-42.2,-28.8,9.089,5.816,11.462,5.0
14.54,10.82,7.984,2.7880000000000003,3.903,0.424,-0.48,0.28600000000000003,5.1,-42.8,-29.6,8.367,6.452999999999999,9.327,5.0
14.56,10.84,8.363999999999999,2.701,3.7689999999999997,0.503,-0.478,0.389,5.5,-42.5,-28.2,9.31,5.9239999999999995,12.683,5.0
14.58,10.86,8.118,2.379,3.406,0.552,-0.442,0.49200000000000005,4.0,-42.8,-28.7,8.695,5.768,12.690999999999999,5.0
14.6,10.879999999999999,8.191,2.016,3.0989999999999998,0.601,-0.40700000000000003,0.55,4.6,-42.7,-27.9,8.915,5.436,11.350999999999999,5.0
14.62,10.899999999999999,8.505,1.935,3.242,0.667,-0.469,0.55,4.5,-43.1,-27.9,9.238999999999999,6.16,11.034,5.0
14.64,10.920000000000002,9.051,1.912,3.639,0.767,-0.611,0.608,3.2,-43.2,-25.3,9.164,5.21,12.565,5.0
14.66,10.940000000000001,8.802999999999999,1.249,3.4610000000000003,0.733,-0.684,0.682,2.0,-43.7,-25.4,10.434000000000001,6.502999999999999,12.527999999999999,5.0
14.68,10.96,9.399,0.5429999999999999,3.387,0.606,-0.716,0.532,1.8,-43.2,-25.6,9.94,2.312,10.152000000000001,5.0
14.7,10.98,9.475,0.131,2.697,0.47700000000000004,-0.687,0.40399999999999997,2.0,-42.5,-23.7,11.124,3.47,11.359000000000002,5.0
14.72,11.0,9.477,-0.188,1.8630000000000002,0.488,-0.591,0.301,1.3,-42.9,-23.1,11.755999999999998,4.751,9.942,5.0
14.74,11.02,10.089,0.136,1.801,0.5539999999999999,-0.5820000000000001,0.254,1.9,-43.6,-24.5,11.307,2.718,11.155,5.0
14.76,11.04,10.007,0.26,1.665,0.578,-0.591,0.25,0.3,-43.0,-23.3,11.168,4.131,9.429,5.0
14.78,11.059999999999999,9.95,0.023,1.7380000000000002,0.512,-0.64,0.262,-0.7,-43.1,-22.0,12.138,2.6,9.867,5.0
14.8,11.080000000000002,9.966000000000001,-0.29,1.597,0.41100000000000003,-0.7070000000000001,0.27699999999999997,-0.3,-45.9,-22.1,9.517999999999999,5.119,10.474,5.0
14.82,11.100000000000001,9.638,-0.315,1.248,0.368,-0.72,0.222,-0.3,-43.8,-22.8,9.501,3.761,11.209000000000001,5.0
14.84,11.120000000000001,10.054,-0.182,1.149,0.28800000000000003,-0.759,0.153,-1.4,-44.5,-20.4,10.744000000000002,2.8310000000000004,8.74,5.0
14.86,11.14,10.004,0.081,1.1179999999999999,0.278,-0.738,0.10300000000000001,-0.1,-44.1,-20.1,11.702,3.7039999999999997,10.39,5.0
14.88,11.16,9.888,0.385,0.995,0.26,-0.726,0.098,-0.5,-43.6,-21.1,10.902000000000001,4.0889999999999995,9.945,5.0
14.9,11.18,10.017999999999999,0.044000000000000004,0.8759999999999999,0.193,-0.745,0.142,-1.6,-43.5,-19.2,11.112,2.677,9.677,5.0
14.92,11.2,9.852,-0.298,0.669,0.129,-0.7390000000000001,0.159,-1.2,-43.3,-18.7,10.524000000000001,4.579,8.439,5.0
14.94,11.219999999999999,9.679,-0.522,0.606,0.081,-0.721,0.129,-1.2,-43.6,-19.3,11.672,4.018,6.506,5.0
14.96,11.240000000000002,9.639,-0.43700000000000006,0.28,0.043,-0.698,0.08900000000000001,-2.9,-43.7,-18.0,11.091,2.727,8.097999999999999,5.0
14.98,11.260000000000002,9.507,-0.521,0.185,-0.028999999999999998,-0.706,0.026000000000000002,-2.3,-43.6,-17.9,10.839,1.913,8.775,5.0
15.0,11.280000000000001,9.561,-0.397,0.19699999999999998,-0.099,-0.679,-0.01,-1.9,-43.7,-17.6,11.18,1.838,8.536,5.0
