time_s,time_new,ax_m/s/s,ay_m/s/s,az_m/s/s,gx_deg/s,gy_deg/s,gz_deg/s,mx_microT,my_microT,mz_microT,condition
7.16,0,9.469,0.272,2.261,-0.017,0.01,0.004,-26.1,-35.9,20.2,0
7.18,0.02,9.445,0.23,2.301,-0.012,0.008,0.001,-25.9,-36.2,20,0
7.2,0.04,9.401,0.149,2.285,-0.017,0.008,0.002,-24.7,-35.3,19.4,0
7.22,0.06,9.426,0.214,2.307,-0.019,0.007,0.005,-26.4,-35.1,20.1,0
7.24,0.08,9.368,0.225,2.255,-0.002,0.008,0.006,-25.5,-36,18,0
7.26,0.1,9.448,0.266,2.296,-0.032,0.01,0.009,-25.4,-36.4,19,0
7.28,0.12,9.489,0.21,2.242,-0.031,0.01,0.007,-26.6,-36.7,19.1,0
7.3,0.14,9.446,0.227,2.286,-0.032,0.018,0.015,-25.6,-36.2,20,0
7.32,0.16,9.448,0.236,2.256,-0.048,0.014,0.011,-24.6,-36.1,18.9,0
7.34,0.18,9.337,0.195,2.292,-0.034,0.016,0.007,-24.1,-36.5,19.5,0
7.36,0.2,9.483,0.231,2.344,-0.015,0.018,0.006,-25.8,-35.7,18.9,0
7.38,0.22,9.456,0.239,2.327,-0.041,0.015,0,-26.7,-36.3,18.8,0
7.4,0.24,9.409,0.207,2.27,-0.045,0.011,0.004,-26.2,-35.3,18,0
7.42,0.26,9.48,0.24,2.294,-0.055,0.02,0.008,-24.9,-36.4,18.9,0
7.44,0.28,9.425,0.228,2.264,-0.055,0.017,0.009,-25.6,-35.2,19.4,0
7.46,0.3,9.498,0.208,2.28,-0.053,0.014,0.011,-26.1,-36.5,19.8,0
7.48,0.32,9.414,0.228,2.293,-0.042,0.021,0.003,-25.3,-35.4,20.4,0
7.5,0.34,9.422,0.144,2.239,-0.049,0.02,0.003,-24.7,-35.5,19.7,0
7.52,0.36,9.439,0.261,2.328,-0.028,0.022,0.004,-25.7,-35.2,19.2,0
7.54,0.38,9.426,0.232,2.313,-0.03,0.013,0.006,-24.9,-34.7,19,0
7.56,0.4,9.458,0.256,2.239,-0.04,0.015,0.008,-25,-35.9,19.1,0
7.58,0.42,9.482,0.186,2.292,-0.018,0.017,0.008,-25.3,-36.1,18.8,0
7.6,0.44,9.442,0.215,2.278,-0.041,0.021,0.005,-24.5,-34.9,19.6,0
7.62,0.46,9.406,0.204,2.236,-0.029,0.024,0.005,-26,-35.5,19.4,0
7.64,0.48,9.501,0.205,2.316,-0.031,0.014,0.005,-26.3,-35.8,18.9,0
7.66,0.5,9.382,0.184,2.21,-0.028,0.016,0.009,-25.5,-35.4,19.8,0
7.68,0.52,9.415,0.225,2.288,-0.024,0.027,0.004,-26.5,-35.6,18.4,0
7.7,0.54,9.44,0.193,2.29,-0.025,0.026,0.005,-25.9,-36,18.5,0
7.72,0.56,9.441,0.234,2.379,-0.014,0.017,0.004,-24.8,-35.6,18.3,0
7.74,0.58,9.392,0.211,2.263,-0.017,0.019,-0.001,-26.1,-36.3,18.9,0
7.76,0.6,9.462,0.178,2.304,-0.007,0.02,-0.005,-26.9,-36,18.1,0
7.78,0.62,9.421,0.173,2.321,-0.001,0.017,0,-25.9,-35.8,19.1,0
7.8,0.64,9.457,0.335,2.325,-0.025,0.018,-0.003,-25.3,-35.9,19.5,0
7.82,0.66,9.417,0.269,2.33,-0.016,0.016,0.002,-25.3,-36.2,18.9,0
7.84,0.68,9.448,0.204,2.283,-0.002,0.022,0.007,-24.2,-35.7,18.8,0
7.86,0.7,9.528,0.191,2.296,0.001,0.023,0.007,-25.4,-36.1,19,0
7.88,0.72,9.396,0.191,2.239,-0.01,0.022,0.004,-26.7,-35.3,18.6,0
7.9,0.74,9.471,0.233,2.292,-0.02,0.026,0.004,-24.2,-35,19.4,0
7.92,0.76,9.491,0.234,2.145,-0.026,0.036,0.002,-24.9,-35.1,18.5,0
7.94,0.78,9.712,0.21,1.888,-0.048,0.099,-0.004,-25.3,-37,18.7,0
7.96,0.8,9.937,0.098,2.095,-0.069,0.241,-0.036,-25.6,-37.2,18.6,0
7.98,0.82,9.749,0.196,2.575,0.021,0.291,-0.058,-24.9,-35.7,19.7,0
8,0.84,9.48,0.213,2.563,0.015,0.238,-0.044,-25,-36.1,18,0
8.02,0.86,9.489,0.237,2.674,0.096,0.257,-0.029,-25.8,-36.4,18.7,0
8.04,0.88,9.47,1.005,2.395,0.219,0.242,0.033,-24.1,-36.2,18.8,0
8.06,0.9,9.007,0.559,2.802,0.198,0.16,-0.028,-24.8,-36.7,18.6,0
8.08,0.92,9.345,0.764,2.152,0.131,0.091,-0.051,-25.3,-36.5,19.1,0
8.1,0.94,9.364,0.763,2.263,0.196,0.181,-0.071,-25.2,-35.9,18.7,0
8.12,0.96,9.391,0.809,2.289,0.215,0.098,-0.084,-25.2,-36.7,18.1,0
8.14,0.98,9.473,0.814,2.116,0.274,0.055,-0.115,-24.7,-37.4,18.8,0
8.16,1,9.558,0.966,1.994,0.335,0.062,-0.094,-24.7,-37,18.9,1
8.18,1.02,9.604,0.891,1.904,0.321,0.096,-0.067,-25.1,-38.2,19.3,1
8.2,1.04,9.457,0.915,2.052,0.406,0.155,-0.062,-26.2,-37,20.5,1
8.22,1.06,9.359,1.052,2.051,0.391,0.13,-0.042,-23.8,-36.2,20,1
8.24,1.08,9.327,1.194,2.093,0.377,0.147,-0.059,-24.2,-37,19.8,1
8.26,1.1,9.195,1.462,2.164,0.376,0.147,-0.083,-25.4,-37.6,19.4,1
8.28,1.12,9.175,1.511,2.15,0.337,0.134,-0.075,-24.2,-37,19.8,1
8.3,1.14,9.102,1.357,2.302,0.373,0.087,-0.098,-23.7,-36.9,20.1,1
8.32,1.16,9.252,1.381,2.122,0.388,0.055,-0.1,-24.3,-38,19.7,1
8.34,1.18,9.31,1.424,2.142,0.43,0.031,-0.094,-23.6,-37,19.9,1
8.36,1.2,9.349,1.481,1.874,0.401,0.067,-0.065,-24.1,-37.9,19.8,1
8.38,1.22,9.249,1.448,2.31,0.392,0.094,-0.013,-24.4,-37.7,20.7,1
8.4,1.24,9.169,1.383,2.212,0.305,0.021,0.043,-23.9,-38.4,20.9,1
8.42,1.26,9.138,1.356,2.022,0.159,-0.002,0.107,-23.7,-38.3,20.3,1
8.44,1.28,9.079,1.456,2.282,-0.101,0.076,0.177,-24,-37.8,21,1
8.46,1.3,9.155,1.561,2.691,-0.738,0.149,0.233,-24.3,-37.4,20.4,1
8.48,1.32,8.873,0.434,2.944,-1.216,0.336,0.217,-24.7,-36.8,19.5,1
8.5,1.34,8.203,-1.375,3.859,-1.271,0.447,0.044,-24.8,-37.3,17.9,1
8.52,1.36,8.963,-1.683,3.519,-0.946,0.168,-0.125,-24.7,-38.3,17.5,1
8.54,1.38,10.824,-0.099,2.213,-1.056,0.228,-0.11,-24.1,-37.2,17.5,1
8.56,1.4,11.077,0.47,2.254,-0.832,0.305,-0.016,-24.4,-36,16.2,1
8.58,1.42,9.706,-0.334,1.735,-0.821,0.037,0.164,-22.8,-35.3,17.8,1
8.6,1.44,10.694,-0.726,1.561,-0.768,0.238,0.423,-24,-35.3,15.6,1
8.62,1.46,10.241,-0.759,2.383,-0.915,0.222,0.53,-24.3,-35.4,15.9,1
8.64,1.48,9.623,-1.283,2.012,-0.767,0.106,0.582,-24,-35.2,16.6,1
8.66,1.5,9.401,-0.959,2.08,-0.447,0.043,0.54,-24.2,-33.9,15,1
8.68,1.52,8.712,-1.148,1.829,-0.239,0.045,0.477,-24.9,-33.3,14.9,1
8.7,1.54,8.566,-0.986,1.737,-0.074,0.175,0.328,-24,-33.1,14.3,1
8.72,1.56,8.568,-0.953,1.999,-0.041,0.218,0.251,-24.5,-32.9,12.9,1
8.74,1.58,8.906,-0.672,1.636,-0.044,0.27,0.258,-24.7,-32.3,14.6,1
8.76,1.6,9.184,-0.751,1.777,-0.068,0.182,0.198,-24.2,-32.5,14,1
8.78,1.62,8.973,-0.853,1.557,-0.004,0.143,0.158,-24.9,-31.9,14.3,1
8.8,1.64,8.59,-1.068,1.905,0.132,0.018,0.358,-24.6,-31.3,13.2,1
8.82,1.66,9.203,-1.442,0.771,0.203,0.055,0.159,-25.5,-31.6,13.6,1
8.84,1.68,8.929,-0.931,1.279,0.258,0.274,0.003,-24.9,-31.8,14.1,1
8.86,1.7,9.038,-1.138,1.92,0.231,0.306,-0.018,-25.3,-32.6,13.5,1
8.88,1.72,8.855,-0.595,2.586,0.096,0.157,-0.011,-24.5,-32.2,13.9,1
8.9,1.74,8.66,-0.6,2.053,-0.148,-0.091,0.088,-24.3,-31.2,13.3,1
8.92,1.76,8.684,-0.953,1.991,-0.27,-0.301,0.216,-25.1,-31.6,13.2,1
8.94,1.78,8.194,-2.945,0.283,-0.002,-0.344,0.256,-25.4,-32.3,13.5,1
8.96,1.8,11.306,-2.961,0.375,0.4,-0.332,0.367,-25.4,-31.1,14.9,1
8.98,1.82,12.722,-2.873,0.11,0.842,0.339,0.469,-25.1,-31.7,14.4,1
9,1.84,11.585,-0.192,4.579,1.286,0.712,0.263,-24.6,-31.2,14.3,1
9.02,1.86,11.51,-1.674,1.182,0.544,-0.771,0.283,-25.1,-32.3,14.9,1
9.04,1.88,14.678,2.699,2.812,0.878,0.518,-0.008,-25.1,-32.4,15.3,1
9.06,1.9,10.159,-0.988,2.704,-0.653,-0.214,0.011,-24.5,-31.3,14.6,1
9.08,1.92,10.323,-2.642,3.104,0.038,-0.095,-0.135,-25.5,-32.6,15.5,1
9.1,1.94,11.214,-1.986,3.406,0.881,0.023,-0.042,-26.2,-32.3,15.2,1
9.12,1.96,10.394,-0.725,4.082,0.884,0.104,-0.036,-25.6,-32.6,15,1
9.14,1.98,8.796,0.141,5.611,0.912,0.141,-0.003,-25.5,-32.6,16.2,1
9.16,2,7.648,0.496,4.919,0.787,-0.069,0.023,-25.5,-34.3,15.9,1
9.18,2.02,8.021,0.056,5.027,0.653,-0.011,-0.251,-25.1,-33,15.1,1
9.2,2.04,9.082,0.022,3.958,0.217,-0.217,-0.627,-25.6,-33,15.7,1
9.22,2.06,9.26,0.025,3.722,0.201,0.015,-0.541,-25.3,-33.5,17.1,1
9.24,2.08,8.538,0.122,3.766,-0.333,-0.133,-0.355,-25,-33.3,16.3,1
9.26,2.1,9.089,-0.04,3.449,-0.509,-0.288,-0.247,-25,-34.4,17.5,1
9.28,2.12,8.82,0.074,3.147,-0.303,-0.256,-0.243,-26.2,-33.3,16.9,1
9.3,2.14,8.687,0.306,3.03,-0.023,-0.22,-0.223,-25.3,-34.1,16.1,1
9.32,2.16,8.45,0.117,2.847,0.02,-0.152,-0.136,-25.2,-33.8,16.6,1
9.34,2.18,8.406,0.182,2.645,0.13,-0.196,-0.25,-25.2,-34.6,17.5,1
9.36,2.2,8.433,0.306,2.296,0.061,-0.132,-0.222,-26.1,-34.1,17.1,1
9.38,2.22,8.373,0.499,2.301,0.126,0.03,-0.227,-26.6,-33.8,17.1,1
9.4,2.24,7.901,0.818,2.378,0.124,-0.002,-0.278,-26.2,-35,17.4,1
9.42,2.26,7.705,1.16,2.308,0.153,-0.049,-0.28,-25,-34.1,16.5,1
9.44,2.28,7.647,1.014,2.025,0.092,-0.127,-0.23,-24.5,-35.5,17.7,1
9.46,2.3,8.577,-0.427,2.147,0.027,-0.215,-0.519,-25.3,-36,17.7,1
9.48,2.32,6.988,2.836,0.454,0.096,0.095,-0.357,-23.4,-34.7,17.5,1
9.5,2.34,8.016,1.159,1.427,-0.259,0.094,0.167,-23.7,-36.6,18.3,1
9.52,2.36,8.295,1.011,0.662,-0.334,0.086,0.249,-24.9,-35,17.1,1
9.54,2.38,8.085,0.938,1.266,-0.164,0.437,0.378,-24.4,-35,17.8,1
9.56,2.4,7.855,0.948,2.831,-0.172,0.227,0.39,-25.4,-34.7,16.9,1
9.58,2.42,8.982,0.184,2.132,-0.266,-0.052,0.303,-24,-34.1,18.1,1
9.6,2.44,10.35,-0.673,2.803,0.354,0.217,0.147,-25.5,-34.5,17.5,1
9.62,2.46,11.247,-0.034,2.406,0.697,0.034,-0.147,-25.9,-34.1,17.3,1
9.64,2.48,10.942,1.642,1.094,0.505,0.06,-0.264,-24.5,-34.4,17,1
9.66,2.5,11.541,1.656,0.439,0.124,0.142,-0.638,-24.6,-34.2,16.8,1
9.68,2.52,14.105,2.432,-0.111,0.011,0.799,-0.553,-23.9,-34.7,16.8,1
9.7,2.54,10.763,2.629,8.34,-0.164,0.252,-0.072,-23,-35.4,17.7,1
9.72,2.56,13.773,3.235,-1.887,0.96,-0.504,-0.052,-24.4,-35.7,16.6,1
9.74,2.58,14.491,-2.468,8.248,0.805,-0.055,-0.079,-25.2,-35.6,19.8,1
9.76,2.6,8.961,0.431,6.681,1.13,-0.721,-0.105,-24.3,-37.1,18.9,1
9.78,2.62,7.022,2.849,4.358,-0.634,-0.607,-0.175,-24.6,-37.3,19.6,1
9.8,2.64,8.352,2.96,4.468,-2.286,0.096,-0.065,-25.5,-35.7,18.2,1
9.82,2.66,9.58,1.583,6.064,-2.217,0.476,0.085,-25.1,-34,18.5,1
9.84,2.68,10.067,1.876,5.583,-1.724,0.312,0.59,-24.3,-33.9,16.3,1
9.86,2.7,9.368,0.766,5.044,-0.813,-0.025,0.368,-25.2,-33.4,15.9,1
9.88,2.72,8.439,0.067,4.353,0.165,-0.087,0.087,-25.8,-33,15.9,1
9.9,2.74,8.87,0.111,4.115,0.455,-0.108,0.14,-25,-32.6,16.7,1
9.92,2.76,8.155,-0.347,3.698,0.198,-0.183,0.367,-24.6,-33.1,17.1,1
9.94,2.78,7.972,-0.585,3.448,-0.28,-0.216,0.429,-24.2,-33.3,18.2,1
9.96,2.8,8.099,-0.273,3.107,-0.52,-0.251,0.359,-25.5,-33.4,16.3,1
9.98,2.82,7.98,-0.646,2.861,-0.684,-0.255,0.331,-25.8,-32.3,17.4,1
10,2.84,7.738,-1.057,2.337,-0.772,-0.206,0.36,-25,-31.8,17.1,1
10.02,2.86,7.857,-1.2,2.652,-0.799,-0.144,0.375,-24,-32.6,17.4,1
10.04,2.88,7.6,-1.142,1.962,-0.493,-0.101,0.28,-26.5,-30.3,17.3,1
10.06,2.9,7.384,-1.404,1.88,-0.192,-0.09,0.162,-27.5,-31.3,16.7,1
10.08,2.92,7.491,-1.412,1.915,0.082,0.045,0.056,-26.2,-32.2,17.7,1
10.1,2.94,7.418,-1.563,1.768,0.425,-0.052,0.039,-24.9,-31.7,17.8,1
10.12,2.96,7.41,-1.471,1.42,0.421,-0.102,-0.068,-26.5,-31,17.4,1
10.14,2.98,7.654,-1.172,0.955,0.468,-0.102,-0.126,-25.8,-32.8,17.5,1
10.16,3,7.55,-1.117,1.636,0.452,-0.098,-0.182,-26.1,-33.4,17.6,1
10.18,3.02,6.866,-1.517,1.671,0.567,-0.376,-0.227,-25.8,-31.6,18.3,1
10.2,3.04,7.735,-1.12,1.191,0.843,-0.145,-0.164,-27,-32.2,19.4,1
10.22,3.06,9.101,0.617,2.591,0.533,0.147,-0.098,-27,-32.6,18.4,1
10.24,3.08,10.803,1.513,3.209,0.001,0.591,-0.065,-25.5,-33.1,19.7,1
10.26,3.1,10.647,0.281,3.832,-0.667,0.367,0.25,-25.2,-33.7,17.6,1
10.28,3.12,10.65,-1.479,0.117,-0.079,-0.423,0.387,-26.2,-33.5,18.8,1
10.3,3.14,11.797,-2.176,-0.577,0.393,0.039,0.394,-26.1,-32.9,19,1
10.32,3.16,13.77,0.966,5.573,0.506,0.311,0.076,-26.6,-33.7,18.7,1
10.34,3.18,11.626,-2.503,0.455,-0.261,-1.047,-0.263,-27,-33,19.7,1
10.36,3.2,18.292,1.382,2.725,0.04,0.639,0.527,-25.6,-33.5,20.3,1
10.38,3.22,10.299,0.197,7.106,-1.333,-0.307,0.616,-27.1,-33.3,19,1
10.4,3.24,8.024,-2.179,1.808,0.106,-1.168,0.715,-27.8,-33.3,19.4,1
10.42,3.26,7.895,-3.198,3.309,2.225,0.165,0.25,-26.7,-31.5,20.1,1
10.44,3.28,9.413,0.592,6.083,1.767,0.745,0.04,-26.4,-34.1,20.4,1
10.46,3.3,9.628,-0.313,5.97,0.916,0.235,-0.226,-26.9,-34.7,20.1,1
10.48,3.32,10.972,-0.734,4.853,0.536,0.066,-0.445,-26.6,-34.5,22.1,1
10.5,3.34,9.856,-0.093,3.368,0.096,0.048,-0.181,-26.8,-35.5,22.1,1
10.52,3.36,9.116,1.216,5.019,-0.159,0.223,-0.467,-26.3,-35.7,21.5,1
10.54,3.38,9.611,0.933,3.127,-0.432,-0.22,-0.571,-25.2,-36,20.3,1
10.56,3.4,9.192,0.772,3.419,-0.133,-0.159,-0.326,-26.3,-36.2,21.9,1
10.58,3.42,8.963,0.398,3.042,-0.135,-0.179,-0.143,-25.7,-36.3,21.5,1
10.6,3.44,8.505,0.369,2.698,-0.061,-0.242,-0.254,-26.6,-37.3,21.5,1
10.62,3.46,8.073,0.913,2.266,-0.045,-0.27,-0.382,-26.2,-36.7,22.1,1
10.64,3.48,7.794,1.104,1.927,0.07,-0.201,-0.396,-25.3,-36.5,21.1,1
10.66,3.5,7.527,1.141,1.943,0.061,-0.077,-0.47,-25.1,-36.6,22.6,1
10.68,3.52,7.204,1.418,1.621,-0.076,0.054,-0.405,-24.5,-37,22.4,1
10.7,3.54,7.342,1.412,1.631,0.084,0.446,-0.252,-24.8,-38.1,21.4,1
10.72,3.56,7.223,1.839,1.851,-0.163,0.114,-0.318,-24.2,-38.2,21.9,1
10.74,3.58,7.361,2.235,0.781,-0.169,0.336,-0.125,-24,-38.5,20.9,1
10.76,3.6,7.436,1.751,0.919,-0.48,0.221,-0.034,-24.7,-37.5,21.6,1
10.78,3.62,8.342,1.757,0.208,-0.769,0.422,0.12,-24.8,-37.8,21,1
10.8,3.64,8.146,1.772,1.53,-0.762,0.716,0.291,-24,-38.7,19.2,1
10.82,3.66,6.719,0.75,4.22,-0.716,0.167,0.222,-23.5,-36.4,20.5,1
10.84,3.68,7.494,0.328,1.734,-0.898,-0.581,0.084,-23.3,-37.3,18.7,1
10.86,3.7,10.649,-0.99,2.19,-0.09,0.28,0.185,-24,-37.7,19.7,1
10.88,3.72,13.144,-1.932,6.285,0.999,0.892,0.068,-23.4,-37.4,19.4,1
10.9,3.74,8.986,1.086,2.044,0.551,-0.943,-0.34,-23.2,-38.3,18.9,1
10.92,3.76,12.992,1.109,-2.55,-0.601,0.035,-0.574,-21.5,-37.8,19.7,1
10.94,3.78,10.793,-0.001,6.039,-0.114,0.96,-0.321,-22.2,-38.6,19.1,1
10.96,3.8,12.894,2.552,-1.33,-1.038,-0.317,-0.079,-22.7,-37.8,19.9,1
10.98,3.82,15.536,-2.054,9.573,0.015,0.459,-0.512,-21.6,-39.6,19.9,1
11,3.84,9.319,1.249,6.135,0.857,-0.284,-0.446,-22.4,-40,19.3,1
11.02,3.86,8.498,4.971,3.284,-0.71,-0.761,-0.472,-21.5,-39.1,19.2,1
11.04,3.88,7.917,2.527,5.619,-2.17,-0.01,-0.111,-21.7,-38.9,18.1,1
11.06,3.9,7.351,-0.167,5.062,-1.843,0.187,-0.017,-21.6,-39.1,17.9,1
11.08,3.92,9.444,-0.207,5.516,-0.919,0.431,0.385,-21.3,-38.4,16.5,1
11.1,3.94,9.964,0.985,4.439,-0.708,0.252,0.31,-22.4,-37.1,16.7,1
11.12,3.96,9.543,-0.595,4.1,0.142,0.097,0,-21.7,-38.3,15.5,1
11.14,3.98,8.994,-0.541,3.799,0.42,0.008,0.037,-22.5,-39.2,15.1,1
11.16,4,9.129,-1.349,3.932,-0.138,0.122,0.383,-20.9,-38,16.4,1
11.18,4.02,8.796,-1.398,4.013,-0.623,0.094,0.526,-21.6,-38.3,16.4,1
11.2,4.04,9.071,-1.016,4.046,-0.699,0.059,0.354,-22.4,-35.7,16.4,1
11.22,4.06,9.039,-0.823,3.563,-0.382,-0.028,0.204,-21.4,-37.2,15.4,1
11.24,4.08,8.73,-1.363,3.373,-0.245,-0.004,0.191,-21.7,-36.8,16.8,1
11.26,4.1,8.358,-1.257,3.385,0.112,0.054,0.07,-23.5,-37.6,16.8,1
11.28,4.12,8.14,-0.806,3.189,0.123,0.179,-0.004,-21.4,-36.9,16.4,1
11.3,4.14,8.225,-1.242,3.229,0.139,0.249,0.023,-21,-38.6,16.7,1
11.32,4.16,7.818,-1.302,3.329,0.157,0.264,0.02,-20.9,-38,15.8,1
11.34,4.18,7.337,-1.479,3.361,0.193,0.201,-0.001,-22.4,-37.5,16.2,1
11.36,4.2,7.165,-1.595,3.005,0.409,0.171,-0.075,-21.1,-38.4,16.8,1
11.38,4.22,6.887,-1.622,2.558,0.621,0.127,-0.165,-21.5,-38,15.5,1
11.4,4.24,6.998,-1.791,2.302,0.905,0.24,-0.246,-20.9,-39.5,16.2,1
11.42,4.26,7.284,-1.804,2.793,1.466,0.181,-0.365,-21.1,-39.7,16.7,2
11.44,4.28,7.096,-1.436,3.383,1.473,0.131,-0.471,-20.6,-40.8,18.7,2
11.46,4.3,8.206,-0.667,3.096,1.186,0.125,-0.383,-19.8,-40.9,18.5,2
11.48,4.32,8.69,0.846,2.983,0.703,0.097,-0.239,-19.8,-41.9,18.4,2
11.5,4.34,8.452,2.173,3.533,0.143,0.061,-0.115,-20.8,-41.4,18.4,2
11.52,4.36,7.707,1.9,2.885,-0.078,-0.032,0.441,-19,-42.3,18.6,2
11.54,4.38,8.529,0.334,1.254,0.216,0.218,-0.534,-18.5,-42.1,19.1,2
11.56,4.4,9.569,-0.515,1.853,0.501,0.101,-0.036,-17.2,-42.6,19.4,2
11.58,4.42,10.377,-1.508,0.089,1.116,0.268,-0.29,-18.5,-42.8,20,2
11.6,4.44,13.08,3.447,5.902,-0.181,0.88,0.325,-17.6,-42.7,21.2,2
11.62,4.46,8.933,-3.128,3.535,-0.083,0.588,0.469,-19.4,-43.5,19.4,2
11.64,4.48,16.012,5.739,10.547,-0.088,1.85,0.967,-19,-43.4,19.9,2
11.66,4.5,9.432,2.595,10.384,-0.284,0.824,1.211,-19.1,-42.8,18.6,2
11.68,4.52,9.101,-0.655,10.042,1.169,0.925,0.015,-19,-41.1,19.6,2
11.7,4.54,10.734,-0.596,6.531,2.144,0.982,-0.629,-19.4,-43.7,20.1,2
11.72,4.56,7.954,0.906,7.309,1.279,1.183,-0.188,-18.2,-44.2,21.1,2
11.74,4.58,7.239,1.407,6.537,0.038,1.01,0.012,-18,-45.2,20.6,2
11.76,4.6,8.521,1.183,6.964,-0.071,1.232,0.527,-17.1,-44.4,19.7,2
11.78,4.62,10.237,2.921,5.902,0.06,1.121,0.315,-17.5,-45.1,20.2,2
11.8,4.64,7.167,3.069,7.136,0.827,0.907,-0.256,-16.6,-44.8,19.2,2
11.82,4.66,7.816,3.864,5.659,0.649,1.04,-0.387,-16.3,-45.2,19.5,2
11.84,4.68,7.138,3.253,6.697,0.581,0.868,-0.254,-17.1,-45,19.8,2
11.86,4.7,6.767,2.907,5.566,0.238,0.817,-0.222,-17.2,-45.1,20.7,2
11.88,4.72,6.991,2.716,5.66,0.006,0.853,-0.183,-15.1,-46.5,19.6,2
11.9,4.74,6.651,2.868,5.555,-0.424,1.042,-0.037,-14.5,-46.4,18.8,2
11.92,4.76,6.268,3.459,6.039,-0.576,1.005,-0.066,-15.2,-44.9,19.4,2
11.94,4.78,6.232,3.591,5.975,-0.63,0.947,-0.186,-14.9,-45.2,16.8,2
11.96,4.8,5.957,3.644,5.764,-0.68,0.864,-0.257,-13.8,-45.3,17.1,2
11.98,4.82,5.663,3.67,6.048,-0.763,1.003,-0.07,-13.8,-45.1,16.1,2
12,4.84,5.441,3.212,5.367,-1.006,0.914,-0.006,-13.5,-43.4,16,2
12.02,4.86,5.359,2.544,4.846,-1.278,1.064,-0.045,-12.4,-43.7,14.2,2
12.04,4.88,5.066,3.34,5.301,-1.444,1.202,0.039,-11.7,-44.2,13.1,2
12.06,4.9,4.401,2.809,6.151,-1.771,1.228,0.121,-11,-43,12.8,2
12.08,4.92,4.876,3.119,6.777,-1.977,1.134,0.156,-11.4,-40.7,11.1,2
12.1,4.94,4.057,3.374,5.949,-1.838,1.014,0.24,-10.5,-40.8,9.6,2
12.12,4.96,3.725,2.366,6.542,-2.058,1.176,-0.083,-10.1,-39.5,7.5,2
12.14,4.98,4.082,-1.065,9.853,-2.16,1.139,-0.267,-9.4,-38.7,7.5,2
12.16,5,6.328,-5.63,8.477,-0.786,1.033,-0.42,-7.1,-38.8,6,2
12.18,5.02,6.116,-5.923,7.689,-0.793,0.817,-0.368,-7.6,-38,5.4,2
12.2,5.04,3.746,-1.941,7.763,-0.727,0.699,-0.315,-7.8,-36.4,6,2
12.22,5.06,4.345,-2.369,7.082,-0.586,0.593,-0.167,-5.9,-36.8,5.1,2
12.24,5.08,3.434,-3.12,6.779,-0.154,0.476,-0.187,-6.7,-37,4.9,2
12.26,5.1,3.01,-2.649,7.227,0.281,0.336,-0.26,-5.5,-37.1,5.9,2
12.28,5.12,3.397,-2.203,7.427,0.716,0.18,-0.31,-6.5,-38.1,5.6,2
12.3,5.14,3.09,-1.62,6.254,0.942,0.008,-0.27,-5.1,-37.3,5.7,2
12.32,5.16,2.882,-0.432,6.483,0.745,-0.127,-0.138,-5.8,-38.5,5.9,2
12.34,5.18,3.527,-0.682,7.908,0.599,-0.189,-0.083,-5.9,-38.6,7.8,2
12.36,5.2,4.141,-1.005,8.147,0.582,-0.26,-0.113,-7,-39.1,7.8,2
12.38,5.22,4.624,-0.516,8.883,0.33,-0.332,-0.117,-6.8,-38.6,8.3,2
12.4,5.24,5.222,-0.653,9.424,0.236,-0.357,-0.167,-5.8,-39.1,7,2
12.42,5.26,5.704,-0.776,9.385,0.252,-0.36,-0.138,-5.6,-38.7,7.2,2
12.44,5.28,6.148,-0.75,9.061,0.349,-0.357,-0.062,-5.9,-38,8.7,2
12.46,5.3,6.378,-0.617,8.991,0.332,-0.337,0.034,-5.6,-39.9,8.3,2
12.48,5.32,6.355,-0.25,9.354,0.307,-0.29,0.056,-7.3,-40.5,8.9,2
12.5,5.34,6.267,-0.353,9.719,0.29,-0.214,0.062,-6.6,-39.8,10,2
12.52,5.36,6.106,-0.496,10.154,0.276,-0.153,0.075,-6.9,-41.4,10.6,2
12.54,5.38,6.158,-0.584,9.812,0.215,-0.125,0.121,-6.4,-39.6,9.4,2
12.56,5.4,6.434,-0.26,9.528,0.132,-0.137,0.184,-7.6,-41.5,9.5,2
12.58,5.42,6.389,0.207,9.195,0.083,-0.161,0.175,-7.6,-39.6,9.5,2
12.6,5.44,6.4,0.771,8.985,0.053,-0.157,0.129,-7,-40.4,9.1,2
12.62,5.46,6.057,0.562,8.808,-0.017,-0.147,0.058,-7.4,-40.8,10.3,2
12.64,5.48,5.818,0.278,8.718,-0.062,-0.16,0.036,-8,-40.1,9.2,2
12.66,5.5,5.976,-0.196,8.676,-0.083,-0.164,0.033,-7.6,-38.7,9.8,2
12.68,5.52,5.995,-0.056,8.555,-0.069,-0.176,0.033,-7.8,-40.5,10.2,2
12.7,5.54,5.987,0.144,8.271,-0.048,-0.178,-0.002,-7.7,-40.7,10,2
12.72,5.56,5.944,0.073,8.183,-0.055,-0.195,-0.035,-9.5,-40.4,8.7,2
12.74,5.58,5.836,0.294,8.134,-0.085,-0.224,-0.045,-7.7,-41.1,7.6,2
12.76,5.6,5.894,0.524,7.951,-0.151,-0.258,-0.021,-8.9,-40.2,10.4,2
12.78,5.62,5.902,0.402,7.915,-0.235,-0.291,-0.023,-8.5,-41.2,10.5,2
12.8,5.64,6.031,0.16,7.674,-0.334,-0.354,-0.041,-8.7,-41,10.9,2
12.82,5.66,6.104,0.096,7.499,-0.39,-0.399,-0.085,-8.4,-39.6,9.7,2
12.84,5.68,6.123,0.354,7.148,-0.46,-0.416,-0.135,-8.3,-40.7,10,2
12.86,5.7,6.135,0.516,7.023,-0.476,-0.467,-0.15,-8.6,-39.9,9.6,2
12.88,5.72,6.339,0.741,7.546,-0.443,-0.485,-0.144,-8.8,-38.9,9.5,2
12.9,5.74,6.595,0.731,7.829,-0.456,-0.547,-0.133,-9.4,-40.4,10.2,2
12.92,5.76,7.072,-0.065,8.127,-0.414,-0.577,-0.142,-8.9,-39.2,8.7,2
12.94,5.78,7.743,-0.735,8.526,-0.344,-0.576,-0.174,-9.7,-38.8,8.2,2
12.96,5.8,8.388,-1.148,8.953,-0.33,-0.546,-0.161,-8.4,-38.4,9.9,2
12.98,5.82,9.083,-1.24,9.292,-0.272,-0.492,-0.154,-10.5,-38.8,9.1,2
13,5.84,9.738,-1.246,9.436,-0.178,-0.412,-0.174,-10.7,-39.2,9.8,3
13.02,5.86,10.233,-1.531,9.709,-0.101,-0.31,-0.2,-10.1,-37.6,8.8,3
13.04,5.88,10.506,-1.561,9.892,-0.006,-0.173,-0.219,-9.9,-38.6,10.5,3
13.06,5.9,10.539,-1.614,10.003,0.063,-0.039,-0.217,-9.4,-38.2,8.6,3
13.08,5.92,10.445,-1.199,9.944,0.13,0.1,-0.194,-10.2,-38.5,10.1,3
13.1,5.94,10.319,-1.118,9.621,0.209,0.213,-0.198,-10.2,-39.6,9.4,3
13.12,5.96,9.893,-1.162,9.513,0.186,0.34,-0.194,-9.8,-39,9.6,3
13.14,5.98,9.343,-0.71,8.946,0.194,0.437,-0.159,-9.6,-39.1,8.6,3
13.16,6,8.481,-0.528,8.211,0.185,0.456,-0.151,-9.1,-40.2,8.6,3
13.18,6.02,7.34,-0.348,7.267,0.178,0.448,-0.177,-8.6,-39.3,9,3
13.2,6.04,6.2,0.098,6.287,0.151,0.372,-0.171,-9.2,-39.5,9.3,3
13.22,6.06,4.762,0.382,5.375,0.144,0.263,-0.179,-8.1,-39.6,8.8,3
13.24,6.08,3.71,0.692,4.469,0.094,0.059,-0.208,-8.6,-41.8,9.3,3
13.26,6.1,2.94,1.071,4.224,0.066,-0.189,-0.242,-8.7,-39.8,8.4,3
13.28,6.12,2.43,1.549,3.84,-0.026,-0.466,-0.283,-8.9,-40.6,9.2,3
13.3,6.14,2.482,1.53,3.852,-0.165,-0.744,-0.274,-8.3,-39.5,8.6,3
13.32,6.16,3.067,1.496,4.013,-0.276,-1.028,-0.229,-8.7,-40.4,8.1,3
13.34,6.18,3.94,1.415,4.288,-0.453,-1.231,-0.186,-10.1,-40.3,8.6,3
13.36,6.2,4.956,0.889,4.152,-0.457,-1.356,-0.155,-10.1,-39.6,9.1,3
13.38,6.22,5.98,0.763,4.25,-0.542,-1.447,-0.191,-11.2,-39.5,9.5,3
13.4,6.24,7.349,0.846,4.518,-0.606,-1.45,-0.284,-13,-38.5,9,3
13.42,6.26,8.044,0.208,4.293,-0.478,-1.427,-0.371,-12.3,-38.4,9.4,3
13.44,6.28,8.741,0.224,4.502,-0.478,-1.393,-0.383,-12.8,-39.1,9.5,3
13.46,6.3,9.092,0.741,4.08,-0.437,-1.333,-0.3,-13.7,-38.3,9,3
13.48,6.32,9.339,1.222,4.053,-0.246,-1.334,-0.262,-13.2,-38.6,10.1,3
13.5,6.34,8.531,0.187,4.307,-0.381,-1.16,-0.325,-15.2,-37.4,10.5,3
13.52,6.36,8.238,0.926,3.323,-0.32,-1.17,-0.614,-14.6,-39.6,10.2,3
13.54,6.38,7.882,1.835,3.949,-0.344,-0.886,-0.467,-15.2,-38.9,11.2,3
13.56,6.4,8.92,1.444,3.769,-0.446,-0.956,-0.667,-16.6,-38.3,10.5,3
13.58,6.42,8.088,2.48,3.807,-0.656,-0.574,-0.504,-15.8,-38.3,10.6,3
13.6,6.44,8.539,2.316,4.537,-0.836,-0.597,-0.454,-15.1,-38.2,10.8,3
13.62,6.46,8.859,2.915,3.224,-1.206,-0.524,-0.595,-14.2,-38.2,9,3
13.64,6.48,8.591,2.546,4.708,-1.207,-0.348,-0.413,-14.9,-36.8,9.5,3
13.66,6.5,9.221,2.426,4.102,-1.601,-0.364,-0.57,-15.2,-35.9,10.4,3
13.68,6.52,8.967,2.343,3.807,-1.545,-0.375,-0.717,-14.4,-35.5,7.5,3
13.7,6.54,8.646,2.204,4.436,-1.92,-0.261,-0.606,-14.2,-35.6,8.3,3
13.72,6.56,8.659,2.391,4.071,-2.299,-0.376,-0.665,-14.8,-33.4,7.9,3
13.74,6.58,8.604,2.365,3.969,-2.614,-0.305,-0.674,-15.2,-32.9,5.5,3
13.76,6.6,8.576,2.666,3.635,-2.862,-0.333,-0.716,-14.1,-31.5,4.9,3
13.78,6.62,8.498,3.153,3.068,-3.365,-0.25,-0.819,-16.1,-28.2,5.3,4
13.8,6.64,8.121,3.271,2.806,-4.133,-0.212,-0.72,-15.2,-27.9,3.5,4
13.82,6.66,7.798,2.882,2.177,-4.459,-0.299,-0.736,-16,-24.6,2.6,4
13.84,6.68,8.509,1.927,2.264,-4.66,-0.191,-0.774,-13.7,-21.2,2.6,4
13.86,6.7,10.602,-1.943,3.035,-4.151,0.01,-0.814,-15.5,-19.7,1.7,4
13.88,6.72,12.457,-3.95,3.547,-3.653,0.168,-0.884,-14.9,-17.8,1.9,4
13.9,6.74,8.699,-1.776,1.636,-4.202,-0.53,-0.658,-15.1,-14.9,1.9,4
13.92,6.76,8.93,-4.498,2.127,-3.944,0.281,-0.508,-14.9,-12.5,1,4
13.94,6.78,10.465,-3.398,1.759,-3.71,0.062,-0.671,-15.3,-9.6,2,4
13.96,6.8,10.414,-2.104,1.804,-3.272,0.235,-0.628,-15,-5.8,2.9,4
13.98,6.82,10.471,-1.435,2.062,-3.147,0.206,-0.664,-15,-5.6,3.5,4
14,6.84,11.11,-0.94,1.333,-3.142,0.175,-0.939,-16.2,-3.7,4.6,4
14.02,6.86,10.037,-1.471,0.81,-3.066,0.147,-1.165,-15.8,-2.3,4.6,4
14.04,6.88,9.895,-2.525,1.373,-2.94,0.146,-1.279,-17.2,-0.3,5.5,4
14.06,6.9,9.495,-2.006,0.534,-2.538,0.088,-1.312,-17.3,1.6,5.9,4
14.08,6.92,9.365,-2.188,0.778,-2.741,0.177,-1.337,-15.7,1,6.5,4
14.1,6.94,8.944,-2.135,0.941,-2.484,0.037,-1.266,-15.9,1.5,7.9,4
14.12,6.96,8.771,-2.135,0.906,-2.463,-0.036,-1.121,-18.1,3.4,7.5,4
14.14,6.98,8.953,-2.148,0.731,-2.289,-0.134,-0.966,-17.8,3.4,9,4
14.16,7,9.139,-2.344,0.378,-2.234,-0.145,-0.9,-17.8,6.1,10.3,4
14.18,7.02,9.367,-2.636,0.408,-2.161,-0.097,-0.89,-16.9,6,10.9,4
14.2,7.04,9.599,-2.843,0.449,-2.086,-0.102,-0.879,-19.7,4.9,12.8,4
14.22,7.06,9.672,-2.823,0.533,-1.943,-0.14,-0.908,-19.7,6.4,14.1,4
14.24,7.08,9.613,-2.482,0.636,-1.805,-0.149,-0.868,-19.5,8,15.4,4
14.26,7.1,9.408,-2.267,0.636,-1.79,-0.067,-0.879,-20.3,7.7,14.9,4
14.28,7.12,9.779,-2.451,0.53,-1.822,-0.031,-0.772,-21.7,8.4,15.9,4
14.3,7.14,9.863,-2.159,0.808,-2.065,0.231,-0.7,-21,8.7,17,4
14.32,7.16,9.936,-2.481,0.785,-1.911,0.222,-0.593,-20.8,9.5,18.4,4
14.34,7.18,10.143,-2.898,1.051,-1.863,0.394,-0.498,-20.8,9.8,18.9,4
14.36,7.2,9.996,-3.044,1.705,-1.687,0.258,-0.415,-21.6,10.7,18.9,4
14.38,7.22,9.582,-3.454,1.208,-1.249,-0.126,-0.141,-21.9,10.4,19.7,4
14.4,7.24,9.72,-3.461,1.422,-1.033,0.315,-0.092,-22.5,9.9,20.8,4
14.42,7.26,10.39,-1.676,1.935,-1.018,0.442,-0.015,-20.6,12,20.7,4
14.44,7.28,10.918,-0.945,0.029,-1.75,0.537,-0.097,-21.3,12,20,4
14.46,7.3,8.308,-3.379,1.506,-1.332,0.004,-0.334,-21.8,12,21.8,4
14.48,7.32,7.14,-3.026,2.325,-0.584,0.015,-0.035,-21.4,12.3,20.9,4
14.5,7.34,9.035,-2.915,3.933,-1.998,0.632,-0.216,-20.9,12.8,22.5,4
14.52,7.36,11.45,-3.237,5.124,-2.703,0.793,-0.236,-21.6,12.6,24,4
14.54,7.38,11.768,-0.485,5.073,-2.246,0.388,-0.174,-21.3,13.3,24.7,4
14.56,7.4,10.325,-0.702,4.552,-1.064,0.149,-0.506,-22.2,13.2,25.2,4
14.58,7.42,11.272,0.105,4.877,-0.375,0.42,-0.831,-22.4,14.3,26.5,4
14.6,7.44,11.113,0.889,4.155,-0.026,0.222,-1.036,-23,13.6,26,4
14.62,7.46,10.122,1.3,3.05,-0.089,0.031,-0.892,-24.1,12.2,25.4,4
14.64,7.48,9.263,0.772,2.696,-0.004,-0.017,-0.876,-24.1,12.5,24.6,4
14.66,7.5,9.041,0.598,2.374,-0.148,-0.049,-0.956,-23.2,11.6,26.3,4
14.68,7.52,8.638,0.363,2.199,-0.187,-0.109,-0.967,-24.5,10.3,26,4
14.7,7.54,8.112,0.402,2.151,-0.15,-0.091,-0.951,-25.2,10.8,25.1,4
14.72,7.56,7.78,0.692,1.673,-0.101,-0.026,-0.945,-26.1,11.1,25.5,4
14.74,7.58,7.67,1.302,1.762,-0.045,0.053,-0.916,-25.7,9.4,27,4
14.76,7.6,7.824,1.165,1.693,-0.146,0.137,-0.707,-26,10.6,26.2,4
14.78,7.62,8.072,0.89,1.613,-0.241,0.129,-0.551,-25.7,10.6,26.1,4
14.8,7.64,8.074,0.933,1.664,-0.304,0.043,-0.511,-27.1,8.5,26.1,4
14.82,7.66,8.084,1.159,1.165,-0.408,-0.053,-0.473,-27.2,10.1,26,4
14.84,7.68,8.11,1.017,1.355,-0.457,-0.088,-0.413,-27.9,8.6,27.3,4
14.86,7.7,7.972,1.19,0.802,-0.66,-0.115,-0.312,-27.9,8.3,27.1,4
14.88,7.72,8.038,1.396,0.882,-0.74,-0.117,-0.176,-27.4,9.6,27.1,4
14.9,7.74,7.898,1.462,0.832,-0.835,-0.207,-0.044,-28.4,10.5,27.8,4
14.92,7.76,8.641,0.186,1.289,-0.516,-0.164,0.091,-26.9,9.8,28.7,4
14.94,7.78,9.544,-0.342,1.95,-0.006,-0.119,0.181,-28.5,10.4,29.4,4
14.96,7.8,9.855,0.203,1.791,-0.087,-0.091,0.145,-26.3,9.6,28.3,4
14.98,7.82,10.356,0.959,1.394,-0.324,-0.067,0.113,-27.9,9.8,28.3,4
15,7.84,10.902,1.509,0.452,-0.535,-0.018,0.089,-28.2,8.5,28.6,4
15.02,7.86,12.06,1.84,1.896,-0.742,0.013,0.029,-27.3,9.3,29.2,4
15.04,7.88,13.567,1.152,1.368,-0.259,-0.406,-0.206,-28.9,9.6,30,4
15.06,7.9,12.977,3.073,2.479,-0.474,-0.321,0.011,-28.3,9.9,30.8,4
15.08,7.92,15.377,-2.069,6.893,0.707,-0.224,-0.2,-28.9,9.3,31,4
15.1,7.94,10.933,2.942,5.735,-0.097,-0.548,-0.253,-29.4,9.4,29.5,4
15.12,7.96,8.485,3.175,5.386,-1.369,-0.777,-0.349,-28.4,9.2,31.2,4
15.14,7.98,8.221,1.799,5.062,-2.941,-0.383,-0.153,-29.2,9.2,32.4,4
15.16,8,10.547,0.553,4.763,-2.308,-0.027,0.158,-30.1,9.9,34.6,4
15.18,8.02,10.048,0.829,3.612,-1.773,-0.389,0.468,-29.5,9.2,35.3,4
15.2,8.04,8.933,0.03,3.259,-0.878,-0.245,0.264,-28.3,9.3,35.8,4
15.22,8.06,9.469,-0.129,3.119,-0.097,-0.161,0.092,-29.4,9.1,36.6,4
15.24,8.08,8.861,-0.342,2.583,-0.163,-0.302,0.237,-29.3,10.7,34.7,4
15.26,8.1,8.108,-1.328,2.598,-0.689,-0.282,0.407,-29.1,9.9,37.4,4
15.28,8.12,7.459,-0.818,2.612,-1.121,-0.317,0.37,-28.9,9.3,36.8,4
15.3,8.14,7.915,-0.335,2.411,-1.207,-0.288,0.219,-29.8,11.1,38.4,4
15.32,8.16,7.657,-1.043,1.993,-1.016,-0.392,0.02,-29.8,10.2,39,4
15.34,8.18,7.352,-1.6,1.544,-0.782,-0.373,0.007,-29.2,10.9,39.6,4
15.36,8.2,7.326,-1.663,1.11,-0.551,-0.213,0.07,-29.5,9.3,38.9,4
15.38,8.22,7.431,-1.497,1.002,-0.211,-0.071,-0.026,-28.7,9.2,40.5,4
15.4,8.24,7.255,-1.605,1.085,0.061,0.028,-0.118,-28.8,9,40.8,4
15.42,8.26,7.268,-1.762,0.858,0.163,-0.019,-0.077,-30.3,8.3,41.1,4
15.44,8.28,7.014,-1.943,1.705,0.091,-0.136,-0.091,-29.5,8.6,37.9,4
15.46,8.3,6.67,-1.888,0.945,0.25,-0.459,-0.171,-28.9,9.3,40.8,4
15.48,8.32,7.335,-0.978,0.55,0.266,-0.398,-0.054,-30.5,10.1,40.3,4
15.5,8.34,9.538,0.738,1.757,-0.279,-0.032,0.019,-28.9,8.3,40.4,4
15.52,8.36,11.823,1.081,2.153,-0.997,0.343,0.018,-29.6,8.1,41.4,4
15.54,8.38,11.765,-0.901,1,-0.286,-0.114,-0.035,-30,8.1,40.4,4
15.56,8.4,10.575,-2.763,-1.464,0.655,-0.282,0.203,-30.4,7.8,39.8,4
15.58,8.42,13.214,-1.557,2.292,1.309,0.705,0.498,-30.4,8.5,39.7,4
15.6,8.44,12.955,0.052,0.216,0.407,-0.324,0.324,-28,8.5,39.3,4
15.62,8.46,13.569,-2.613,1.551,0.698,0.166,-0.136,-28.4,8,38.9,4
15.64,8.48,15.073,1.793,7.523,-1.025,0.392,0.322,-29.8,7.8,38.8,4
15.66,8.5,9.427,-0.26,3.919,0.138,-0.857,0.663,-29.5,9.8,39.1,4
15.68,8.52,8.681,-3.298,3.352,1.948,-0.622,0.619,-29.3,8.9,39.6,4
15.7,8.54,8.825,-0.593,4.444,2.242,0.396,0.504,-29.4,8.9,38.7,4
15.72,8.56,10.423,-0.137,4.729,1.156,0.561,0.287,-28.8,9,37.2,4
15.74,8.58,10.982,-0.666,4.239,0.403,0.175,-0.248,-28.7,9,37.2,4
15.76,8.6,9.786,0.568,3.381,-0.348,-0.038,-0.159,-29.6,7.8,37.5,4
15.78,8.62,10.062,0.532,3.751,-0.731,0.012,-0.125,-29.7,7.6,37.7,4
15.8,8.64,9.513,0.94,2.581,-0.564,-0.247,-0.395,-29,8,38.2,4
15.82,8.66,8.777,0.963,2.062,0.034,-0.256,-0.47,-29.6,5.8,38,4
15.84,8.68,8.907,0.291,2.122,0.429,-0.164,-0.421,-30.2,7,38.2,4
15.86,8.7,8.481,0.298,1.821,0.518,-0.207,-0.435,-30.4,6.1,37.1,4
15.88,8.72,8.121,0.933,1.332,0.668,-0.26,-0.49,-30.2,6.1,37,4
15.9,8.74,7.944,1.358,1.035,0.456,-0.231,-0.415,-30.8,6.6,36.5,4
15.92,8.76,7.554,1.334,0.802,0.294,-0.125,-0.455,-31.6,6.6,36.7,4
15.94,8.78,7.54,1.403,0.867,0.091,-0.07,-0.414,-31.3,4.6,38.5,4
15.96,8.8,7.256,1.341,0.814,0.041,-0.018,-0.193,-30.6,4.6,38.8,4
15.98,8.82,7.603,1.366,0.488,-0.009,0.072,-0.082,-31.6,4.6,37.2,4
16,8.84,8.102,1.555,0.312,0.01,0.109,-0.071,-32,4.4,37.6,4
16.02,8.86,8.269,2.157,0.163,-0.013,0.211,-0.048,-30,4,38.3,4
16.04,8.88,7.544,0.914,1.348,0.139,0.586,0.266,-32.5,4.2,37.7,4
16.06,8.9,6.501,1.886,1.425,-0.275,-0.562,0.198,-31.5,5.3,37.4,4
16.08,8.92,8.142,0.197,-1.107,-0.702,-0.498,0.274,-31.5,4.2,37.4,4
16.1,8.94,9.752,-0.616,2.714,0.437,0.506,0.315,-30.1,4,38,4
16.12,8.96,11.252,-0.184,3.055,-0.176,0.081,0.09,-31.7,4.1,37.1,4
16.14,8.98,11.058,2.292,-1.729,-0.276,-0.222,-0.214,-32.2,4.4,37.8,4
16.16,9,12.081,2.391,0.015,-0.598,0.296,-0.509,-32,4.4,38.9,4
16.18,9.02,11.907,-0.424,3.53,-0.299,-0.515,-0.534,-30.3,4.6,37.3,4
16.2,9.04,13.115,4.077,-0.651,-0.704,0.141,0.147,-31.2,3,38.7,4
16.22,9.06,15.977,-2.174,7.65,0.392,0.255,-0.116,-32,4.4,38.2,4
16.24,9.08,9.913,1.793,4.45,-0.197,-0.551,-0.247,-33.5,2.7,39.7,4
16.26,9.1,9.914,4.431,3.54,-1.578,-0.549,-0.604,-32.7,1.8,40.5,4
16.28,9.12,9.26,2.313,4.467,-2.841,0.077,-0.355,-32.3,1.2,40.1,4
16.3,9.14,11.078,0.087,4.369,-1.618,0.365,-0.002,-31.5,2.1,40.8,4
16.32,9.16,10.556,-0.413,3.288,-0.826,0.105,0.298,-33.4,1.1,41.1,4
16.34,9.18,10.13,-0.852,3.034,-0.018,0.252,0.172,-31.9,2.6,42.2,4
16.36,9.2,10.051,-0.385,2.808,0.697,0.13,-0.016,-31.4,1.7,40.2,4
16.38,9.22,9.377,-0.276,2.362,0.426,0.139,0.079,-31.9,2,41.6,4
16.4,9.24,8.274,-1.19,2.54,-0.262,0.117,0.395,-31.9,1.5,40.5,4
16.42,9.26,8.129,-0.945,2.514,-0.806,0.079,0.44,-31,2.1,40.6,4
16.44,9.28,8.68,-0.886,2.361,-0.957,-0.019,0.45,-32.5,3.3,41.6,4
16.46,9.3,8.259,-1.403,1.966,-0.758,-0.166,0.436,-31.8,3.4,40.9,4
16.48,9.32,7.788,-1.539,1.558,-0.419,-0.183,0.353,-31.8,2.4,40.8,4
16.5,9.34,7.549,-1.246,1.227,-0.191,-0.08,0.245,-31.1,2.6,40.9,4
16.52,9.36,7.653,-1.012,1.304,0.104,0.026,0.08,-31,3,42,4
16.54,9.38,7.614,-0.986,1.143,0.25,0.13,-0.049,-32.1,3.4,41.3,4
16.56,9.4,7.561,-1.131,1.182,0.283,0.143,-0.073,-31.1,3.9,41.4,4
16.58,9.42,7.825,-1.286,0.748,0.2,0.111,-0.075,-31.9,4,41.5,4
16.6,9.44,7.833,-1.502,1.161,0.26,0.045,-0.181,-30.5,3,41.5,4
16.62,9.46,7.096,-1.217,1.063,0.473,-0.186,-0.256,-32.8,2.4,41.7,4
16.64,9.48,8.119,0.224,0.036,0.33,-0.076,-0.189,-32.3,2.9,41.8,4
16.66,9.5,10.183,1.312,2.392,-0.384,0.538,-0.381,-32.6,2.4,41.1,4
16.68,9.52,10.418,1.003,4.49,-0.686,0.716,-0.619,-33.8,1.9,40.9,4
16.7,9.54,10.284,-1.424,1.797,-0.925,0.334,-0.62,-31.6,0.8,40.9,4
16.72,9.56,8.823,-1.171,1.034,0.492,-0.249,0.388,-33.4,2.4,41,4
16.74,9.58,9.63,-1.391,-0.602,1.108,0.179,0.387,-32.6,2.2,40.8,4
16.76,9.6,11.029,-1.125,1.66,1.738,0.438,0.242,-32.7,3,39.8,4
16.78,9.62,11.001,0.27,0.887,1.09,0.146,0.172,-32.3,2,39.6,4
16.8,9.64,11.744,-2.381,1.984,0.429,0.259,0.438,-32.3,3.3,38.9,4
16.82,9.66,16.362,3.894,6.86,-1.828,0.942,0.484,-32.7,2.9,38.2,4
16.84,9.68,9.987,0.341,6.169,0.167,-0.47,0.476,-29.9,2.4,39.6,4
16.86,9.7,8.294,-3.576,4.191,1.511,-0.574,0.62,-32.1,4.3,39.1,4
16.88,9.72,8.969,-4.005,4.131,3.078,0.311,0.237,-32,4.3,37.4,4
16.9,9.74,8.822,0.635,4.566,2.002,0.487,0.476,-30.5,3.2,36.9,4
16.92,9.76,9.229,1.732,4.033,0.619,0.455,0.079,-30.7,5.4,36.4,4
16.94,9.78,9.804,1.914,4.045,-0.172,0.246,0.036,-32.2,5.2,36.1,4
16.96,9.8,10.369,0.558,3.256,-0.495,-0.024,0.35,-30.7,5.1,36,4
16.98,9.82,9.482,1.25,3.214,-0.299,-0.056,0.259,-31.3,3.6,36.8,4
17,9.84,9.248,1.443,3.356,0.353,0.039,-0.139,-30.9,4.4,36.1,4
17.02,9.86,9.706,0.626,3.388,0.722,0.017,-0.249,-31.7,4.4,36.7,4
17.04,9.88,9.478,0.574,3.241,0.63,-0.054,-0.178,-30.4,4.3,36.1,4
17.06,9.9,9.099,1.141,2.958,0.467,-0.051,-0.098,-30.5,4.1,35.1,4
17.08,9.92,9.006,1.395,2.94,0.349,-0.023,-0.173,-32.2,4.7,35.2,4
17.1,9.94,8.776,1.474,2.661,0.273,0.006,-0.268,-30.4,5.3,36.2,4
17.12,9.96,8.455,1.406,2.712,0.216,0.034,-0.217,-32.1,3.9,35.2,4
17.14,9.98,8.222,1.532,2.605,0.16,0.126,-0.136,-30.7,3.5,36.7,4
17.16,10,8.293,1.58,2.654,0.131,0.198,-0.182,-32.2,4.6,35.3,4
17.18,10.02,8.233,1.963,2.268,0.021,0.202,-0.21,-31.9,3.7,35.2,4
17.2,10.04,8.004,1.913,1.782,-0.115,0.214,-0.152,-31,3,35.4,4
17.22,10.06,7.78,2.031,1.759,-0.376,0.237,-0.072,-32.2,4.1,36.3,4
17.24,10.08,7.368,2.187,1.79,-0.667,0.214,0.066,-31.9,3.7,35.7,4
17.26,10.1,6.901,2.056,1.939,-1.029,-0.035,0.199,-32.3,4.7,36,4
17.28,10.12,7.29,0.726,1.74,-1.167,-0.18,0.381,-31.4,3.9,36.7,4
17.3,10.14,8.055,-0.044,2.526,-0.992,-0.088,0.448,-30.5,6.4,35.9,4
17.32,10.16,8.832,0.275,2.727,-0.883,0.003,0.454,-31.1,4.7,36,4
17.34,10.18,9.498,-0.28,2.486,-0.979,0.076,0.44,-31.1,6.2,37.2,4
17.36,10.2,9.623,0.603,2.496,-1.311,0.268,0.42,-30.3,6.5,37.3,4
17.38,10.22,10.535,0.434,5.765,-1.696,0.652,0.208,-31.1,6.7,38.3,4
17.4,10.24,15.516,-4.542,7.4,-1,0.893,-0.273,-31.5,6.5,38,5
17.42,10.26,12.084,0.614,6.713,-0.725,0.505,-0.256,-30.2,5.5,37.7,5
17.44,10.28,6.214,7.347,3.438,-1.415,-0.036,1.026,-30.6,4.9,38.9,5
17.46,10.3,11.146,-0.035,2.551,-2.444,0.06,0.109,-31,5.6,39.5,5
17.48,10.32,8.424,-3.523,5.893,-0.334,0.668,-0.681,-30.8,5.6,40.5,5
17.5,10.34,9.482,-1.51,4.584,0.129,0.69,-0.692,-29.7,5.3,39.3,5
17.52,10.36,10.541,-0.978,6.144,-0.126,0.854,-0.589,-31.7,5.9,37.6,5
17.54,10.38,9.258,0.471,4.268,-0.258,0.62,-0.48,-32.2,5.8,38.4,5
17.56,10.4,9.358,-0.981,4.8,-0.779,0.708,-0.286,-30.8,4.8,37.3,5
17.58,10.42,8.846,-1.595,3.71,-0.875,0.837,0.125,-32,3.8,36.8,5
17.6,10.44,8.174,-1.773,4.397,-0.939,0.91,0.268,-30.7,5.3,37.7,5
17.62,10.46,8.162,-2.318,4.22,-0.663,0.865,0.129,-31.3,4.4,37.7,5
17.64,10.48,7.287,-2.075,3.978,-0.525,0.814,0.144,-31.3,3.6,35.3,5
17.66,10.5,7.642,-2.173,4.814,-0.203,0.807,0.083,-30.8,5.5,35.7,5
17.68,10.52,7.323,-2.378,4.39,0.106,0.694,-0.009,-30.8,4.6,35.9,5
17.7,10.54,7.616,-2.681,3.575,0.703,0.569,-0.249,-30.9,4.2,34.7,5
17.72,10.56,7.246,-3.22,4.93,1.056,0.631,-0.304,-31.1,5,33.5,5
17.74,10.58,7.179,-2.995,4.553,1.073,0.554,-0.34,-31.2,4.2,33.3,5
17.76,10.6,7.538,-1.178,4.778,0.594,0.426,-0.116,-31.6,4.1,33.2,5
17.78,10.62,8.683,-0.571,6.262,0.484,0.861,-0.068,-31.5,4.9,31.2,5
17.8,10.64,8.328,0.081,5.833,-0.052,0.822,0.054,-32,5.6,31.1,5
17.82,10.66,8.996,2.224,5.909,-0.276,0.898,0.335,-31.7,4.5,30.8,5
17.84,10.68,7.603,-0.001,5.063,0.478,0.872,0.026,-32.2,4.9,30.1,5
17.86,10.7,6.539,-0.689,6.956,0.918,0.988,-0.449,-31,4,28.7,5
17.88,10.72,7.839,-0.397,6.402,0.661,0.945,-0.186,-31.3,5.2,28.5,5
17.9,10.74,7.271,-0.968,5.914,0.5,0.841,0.057,-31.4,4.3,28.6,5
17.92,10.76,7.245,-0.585,5.555,0.179,0.725,0.17,-31.4,3.4,26.9,5
17.94,10.78,7.789,-0.46,6.273,0.032,0.648,0.22,-30.6,2,28.5,5
17.96,10.8,7.503,0.18,6.431,0.106,0.579,0.113,-31.2,3.2,26.9,5
17.98,10.82,7.285,0.75,6.275,0.109,0.538,-0.031,-31,3.4,25.4,5
18,10.84,7.229,0.399,6.47,0.161,0.552,-0.133,-30.7,4.5,24.6,5
18.02,10.86,7.126,0.167,6.289,0.012,0.476,-0.117,-29.9,4.2,25.4,5
18.04,10.88,6.965,0.159,6.737,-0.039,0.503,0.003,-29.5,3.7,24.9,5
18.06,10.9,6.882,0.502,6.65,-0.063,0.476,0.019,-30.5,4.7,23.8,5
18.08,10.92,7.028,0.608,6.606,0.007,0.425,-0.003,-31,4.2,26.1,5
18.1,10.94,6.86,0.326,6.966,0.011,0.421,-0.023,-29.9,3.9,24.3,5
18.12,10.96,6.793,0.141,6.898,0.002,0.385,-0.033,-30,4.2,23.2,5
18.14,10.98,6.785,0.28,6.831,-0.074,0.351,-0.02,-29.3,4.5,23.6,5
18.16,11,6.835,0.549,7.133,-0.122,0.36,0.012,-30.6,3.5,22.7,5
18.18,11.02,6.724,0.565,6.971,-0.072,0.318,0.004,-30.1,4.6,22.9,5
18.2,11.04,6.774,0.403,7.12,-0.071,0.281,-0.034,-29.4,4.1,24,5
18.22,11.06,6.778,0.224,6.983,-0.052,0.262,-0.017,-29.6,2.6,23.1,5
18.24,11.08,6.627,0.236,7.082,-0.109,0.226,0.006,-29.8,4.3,22.2,5
18.26,11.1,6.614,0.281,7.096,-0.127,0.213,0.026,-30.2,3.7,23.6,5
18.28,11.12,6.614,0.26,7.268,-0.097,0.189,0.013,-29.5,3,22.3,5
18.3,11.14,6.451,0.499,7.325,-0.09,0.139,-0.006,-29.7,3.3,22.5,5
18.32,11.16,6.426,0.314,7.446,-0.106,0.1,-0.002,-30.7,3.1,22.9,5
18.34,11.18,6.358,0.193,7.316,-0.134,0.049,0.015,-29.6,4.2,22.1,5
18.36,11.2,6.372,0.195,7.306,-0.127,0.016,0.03,-28.9,3.8,24.9,5
18.38,11.22,6.463,0.117,7.243,-0.056,-0.02,0.029,-29.7,5.2,22.2,5