time_s,time_new,ax_m/s/s,ay_m/s/s,az_m/s/s,gx_deg/s,gy_deg/s,gz_deg/s,mx_microT,my_microT,mz_microT,condition
4.5,0.0,9.657,-0.266,-1.022,-0.063,0.04,0.018000000000000002,-14.0,-38.6,11.2,0.0
4.52,0.019999999999999574,9.617,-0.33799999999999997,-0.919,-0.066,0.04,0.019,-13.4,-37.5,9.8,0.0
4.54,0.040000000000000036,9.605,-0.267,-0.9109999999999999,-0.067,0.039,0.022000000000000002,-14.8,-36.6,9.7,0.0
4.56,0.05999999999999961,9.658,-0.298,-0.8909999999999999,-0.059000000000000004,0.040999999999999995,0.015,-15.2,-37.6,10.5,0.0
4.58,0.08000000000000007,9.593,-0.34299999999999997,-0.8390000000000001,-0.059000000000000004,0.057,0.011000000000000001,-14.3,-37.5,10.8,0.0
4.6,0.09999999999999964,9.654,-0.369,-0.9329999999999999,-0.068,0.06,0.01,-14.8,-38.3,10.4,0.0
4.62,0.1200000000000001,9.639,-0.327,-0.88,-0.062,0.065,0.021,-14.0,-37.9,10.2,0.0
4.64,0.13999999999999968,9.668,-0.25,-0.865,-0.065,0.065,0.017,-14.5,-37.4,10.0,0.0
4.66,0.16000000000000014,9.645,-0.386,-0.889,-0.068,0.064,0.021,-14.8,-37.6,10.7,0.0
4.68,0.17999999999999972,9.63,-0.335,-0.835,-0.059000000000000004,0.057999999999999996,0.015,-13.6,-37.4,8.8,0.0
4.7,0.20000000000000018,9.596,-0.34600000000000003,-0.875,-0.061,0.057,0.016,-15.0,-36.3,10.2,0.0
4.72,0.21999999999999975,9.682,-0.386,-0.897,-0.06,0.07,0.017,-15.2,-37.5,9.9,0.0
4.74,0.2400000000000002,9.615,-0.268,-0.8540000000000001,-0.061,0.08,0.023,-14.7,-36.6,9.6,0.0
4.76,0.2599999999999998,9.642999999999999,-0.292,-0.82,-0.064,0.075,0.018000000000000002,-15.3,-38.2,10.7,0.0
4.78,0.28000000000000025,9.686,-0.337,-0.779,-0.064,0.08199999999999999,0.025,-14.6,-36.5,11.0,0.0
4.8,0.2999999999999998,9.601,-0.33399999999999996,-0.82,-0.055999999999999994,0.085,0.025,-13.3,-38.3,11.1,0.0
4.82,0.3200000000000003,9.605,-0.322,-0.8320000000000001,-0.055999999999999994,0.08800000000000001,0.021,-14.0,-37.4,9.9,0.0
4.84,0.33999999999999986,9.577,-0.38,-0.774,-0.051,0.092,0.028999999999999998,-14.4,-37.7,10.1,0.0
4.86,0.3600000000000003,9.692,-0.318,-0.813,-0.05,0.09,0.039,-12.2,-37.0,10.7,0.0
4.88,0.3799999999999999,9.757,-0.32,-0.861,-0.05,0.114,0.039,-13.4,-37.1,10.6,0.0
4.9,0.40000000000000036,9.783,-0.423,-0.893,-0.017,0.135,0.055,-13.8,-37.1,10.5,0.0
4.92,0.41999999999999993,9.812000000000001,-0.488,-0.878,-0.027000000000000003,0.152,0.052000000000000005,-13.6,-37.5,9.8,0.0
4.94,0.4400000000000004,9.863999999999999,-0.53,-1.001,-0.006999999999999999,0.17300000000000001,0.062,-13.7,-36.8,9.3,0.0
4.96,0.45999999999999996,9.821,-0.644,-0.91,-0.013999999999999999,0.17800000000000002,0.068,-15.6,-36.4,9.0,0.0
4.98,0.4800000000000004,9.642999999999999,-0.6,-0.9620000000000001,-0.018000000000000002,0.179,0.065,-14.2,-37.4,9.8,0.0
5.0,0.5,9.557,-0.579,-0.8590000000000001,-0.023,0.19399999999999998,0.066,-14.4,-37.9,9.5,0.0
5.02,0.5199999999999996,9.53,-0.708,-0.945,-0.06,0.20800000000000002,0.07200000000000001,-13.8,-38.2,9.4,0.0
5.04,0.54,9.493,-0.67,-0.9470000000000001,-0.098,0.22899999999999998,0.065,-13.7,-38.5,9.4,0.0
5.06,0.5599999999999996,9.52,-0.7759999999999999,-0.847,-0.085,0.21899999999999997,0.049,-13.5,-37.4,8.9,0.0
5.08,0.5800000000000001,9.687999999999999,-0.7240000000000001,-1.0170000000000001,-0.08199999999999999,0.188,0.031,-13.5,-38.0,8.6,0.0
5.1,0.5999999999999996,9.617,-0.735,-1.057,-0.096,0.17300000000000001,0.03,-14.0,-38.7,9.0,0.0
5.12,0.6200000000000001,9.597999999999999,-0.7070000000000001,-1.0390000000000001,-0.07,0.162,0.022000000000000002,-14.0,-38.1,8.6,0.0
5.14,0.6399999999999997,9.759,-0.573,-1.227,-0.10800000000000001,0.158,-0.002,-14.3,-37.9,7.6,0.0
5.16,0.6600000000000001,9.825,-0.57,-1.131,-0.09,0.151,-0.013999999999999999,-14.6,-38.1,8.8,0.0
5.18,0.6799999999999997,9.749,-0.69,-1.145,-0.122,0.171,-0.017,-13.5,-38.3,7.8,0.0
5.2,0.7000000000000002,9.666,-0.665,-1.161,-0.133,0.193,-0.04,-14.4,-37.6,8.6,0.0
5.22,0.7199999999999998,9.611,-0.5479999999999999,-0.9890000000000001,-0.157,0.20600000000000002,-0.062,-13.4,-36.8,8.1,0.0
5.24,0.7400000000000002,9.585,-0.597,-0.858,-0.172,0.231,-0.07200000000000001,-13.6,-37.3,7.6,0.0
5.26,0.7599999999999998,9.525,-0.596,-0.542,-0.14400000000000002,0.282,-0.109,-12.7,-37.4,8.4,0.0
5.28,0.7800000000000002,9.433,-0.5670000000000001,-0.20800000000000002,-0.066,0.371,-0.172,-13.2,-37.6,8.2,0.0
5.3,0.7999999999999998,9.336,-0.741,-0.038,0.209,0.52,-0.226,-12.4,-37.2,7.8,0.0
5.32,0.8200000000000003,9.25,-0.607,0.44,0.5660000000000001,0.7120000000000001,-0.218,-13.4,-37.5,7.9,0.0
5.34,0.8399999999999999,8.382,-0.272,0.7709999999999999,0.863,0.8270000000000001,-0.19699999999999998,-13.5,-38.8,8.3,0.0
5.36,0.8600000000000003,7.622000000000001,0.727,0.611,0.632,0.92,-0.040999999999999995,-13.3,-38.9,7.5,0.0
5.38,0.8799999999999999,8.748,0.747,-0.302,-0.094,1.04,0.184,-12.0,-37.5,7.5,0.0
5.4,0.9000000000000004,10.715,0.096,0.573,0.25,0.852,0.256,-13.3,-38.2,7.7,0.0
5.42,0.9199999999999999,10.809000000000001,-0.5,-0.09300000000000001,0.322,0.179,0.336,-13.1,-38.4,7.6,0.0
5.44,0.9400000000000004,10.937999999999999,-1.817,-1.205,0.053,-0.066,0.16699999999999998,-13.1,-38.5,8.0,0.0
5.46,0.96,10.962,-1.2329999999999999,-1.08,0.215,-0.135,0.015,-12.0,-38.3,7.4,0.0
5.48,0.9800000000000004,10.591,0.175,-1.122,0.38299999999999995,-0.13699999999999998,-0.046,-11.7,-39.1,7.5,0.0
5.5,1.0,10.125,0.862,-0.873,0.46,0.04,-0.256,-12.0,-39.0,7.9,1.0
5.52,1.0199999999999996,9.475,0.897,-0.7609999999999999,0.628,0.198,-0.41100000000000003,-12.9,-38.9,8.1,1.0
5.54,1.04,8.878,0.5920000000000001,-0.594,0.25,0.37200000000000005,-0.35100000000000003,-11.3,-39.1,6.0,1.0
5.56,1.0599999999999996,8.536,0.239,-0.44299999999999995,0.016,0.483,-0.24100000000000002,-12.7,-38.7,6.8,1.0
5.58,1.08,8.494,0.271,-0.309,-0.132,0.48700000000000004,-0.14300000000000002,-12.2,-39.2,8.3,1.0
5.6,1.0999999999999996,8.806000000000001,0.871,-0.546,-0.2,0.359,-0.092,-12.7,-39.3,7.8,1.0
5.62,1.12,9.044,1.521,-0.585,-0.18100000000000002,0.233,-0.151,-12.4,-39.6,7.0,1.0
5.64,1.1399999999999997,9.002,1.4669999999999999,-0.629,-0.387,0.07400000000000001,-0.12,-11.0,-40.4,7.8,1.0
5.66,1.1600000000000001,9.032,0.594,-1.014,-0.33,-0.003,-0.10099999999999999,-12.3,-40.3,7.4,1.0
5.68,1.1799999999999997,9.234,-0.017,-1.64,-0.145,0.064,-0.069,-11.6,-38.9,7.1,1.0
5.7,1.2000000000000002,9.472000000000001,-0.21,-1.139,-0.20800000000000002,0.11699999999999999,0.009000000000000001,-12.0,-39.1,6.7,1.0
5.72,1.2199999999999998,9.613,-0.358,-0.79,-0.099,0.095,0.048,-11.4,-39.1,6.2,1.0
5.74,1.2400000000000002,9.556000000000001,-0.18899999999999997,-0.433,-0.11,0.085,0.003,-13.4,-38.5,6.3,1.0
5.76,1.2599999999999998,9.442,0.223,-0.233,-0.109,0.102,-0.111,-12.2,-38.6,6.8,1.0
5.78,1.2800000000000002,9.56,1.104,-0.509,-0.099,0.08,-0.192,-14.0,-39.6,6.7,1.0
5.8,1.2999999999999998,9.783999999999999,1.673,-1.0,-0.36200000000000004,0.087,-0.21600000000000003,-13.0,-39.4,6.5,1.0
5.82,1.3200000000000003,10.166,1.7009999999999998,-1.37,-0.578,0.10300000000000001,-0.22699999999999998,-13.6,-39.7,6.7,1.0
5.84,1.3399999999999999,10.751,1.615,-1.11,-0.823,0.07400000000000001,-0.191,-12.0,-38.1,8.1,1.0
5.86,1.3600000000000003,12.052,0.56,-0.594,-0.139,0.036000000000000004,-0.16899999999999998,-12.6,-37.8,6.8,1.0
5.88,1.38,12.267999999999999,-0.04,-0.5710000000000001,0.5529999999999999,-0.106,-0.14300000000000002,-12.7,-38.5,6.3,1.0
5.9,1.4000000000000004,12.552,-0.8759999999999999,-0.184,0.628,-0.154,-0.087,-13.1,-39.1,6.8,1.0
5.92,1.42,11.902000000000001,-1.207,0.35600000000000004,0.961,-0.22399999999999998,0.005,-14.2,-39.7,7.1,1.0
5.94,1.4400000000000004,10.522,-0.986,0.774,0.575,-0.262,0.109,-14.0,-41.0,9.0,1.0
5.96,1.46,9.726,0.047,0.738,0.397,-0.23399999999999999,0.282,-13.5,-40.5,8.0,1.0
5.98,1.4800000000000004,9.61,0.35100000000000003,1.796,-0.245,-0.174,0.341,-14.1,-39.8,8.5,1.0
6.0,1.5,10.125,0.7809999999999999,3.201,-0.516,0.022000000000000002,0.43,-15.4,-40.4,8.2,1.0
6.02,1.5199999999999996,10.485,0.507,3.4530000000000003,-0.6559999999999999,0.08900000000000001,0.46399999999999997,-15.9,-39.7,8.0,1.0
6.04,1.54,10.264000000000001,0.7859999999999999,2.861,-0.8370000000000001,0.11199999999999999,0.245,-15.4,-38.9,7.3,1.0
6.06,1.5599999999999996,10.033,0.46299999999999997,2.405,-0.324,0.129,0.07200000000000001,-15.9,-39.0,8.4,1.0
6.08,1.58,9.641,-0.285,1.985,-0.044000000000000004,0.109,-0.003,-16.2,-38.9,7.6,1.0
6.1,1.5999999999999996,9.982000000000001,-0.115,1.906,0.016,0.081,0.105,-15.1,-38.4,7.8,1.0
6.12,1.62,9.52,-0.2,1.227,0.048,0.033,0.142,-15.2,-39.4,6.7,1.0
6.14,1.6399999999999997,9.231,-0.397,1.104,-0.099,0.087,0.228,-15.5,-37.7,8.8,1.0
6.16,1.6600000000000001,8.754,-0.405,0.8290000000000001,-0.335,0.10800000000000001,0.243,-15.8,-39.1,7.6,1.0
6.18,1.6799999999999997,8.504,-0.7509999999999999,0.7829999999999999,-0.45899999999999996,0.15,0.299,-16.3,-39.1,6.6,1.0
6.2,1.7000000000000002,8.425,-0.557,0.772,-0.6,0.22,0.39,-15.2,-37.7,6.8,1.0
6.22,1.7199999999999998,8.198,-0.445,0.7909999999999999,-0.6809999999999999,0.231,0.389,-16.6,-37.9,7.5,1.0
6.24,1.7400000000000002,7.938,-1.063,0.537,-0.565,0.135,0.319,-17.3,-36.9,7.2,1.0
6.26,1.7599999999999998,7.671,-1.493,0.066,-0.389,0.094,0.249,-17.7,-37.3,6.6,1.0
6.28,1.7800000000000002,7.577000000000001,-1.651,-0.203,-0.193,0.040999999999999995,0.22899999999999998,-16.1,-36.6,7.0,1.0
6.3,1.7999999999999998,7.5520000000000005,-1.9469999999999998,-0.345,-0.149,0.005,0.19,-18.1,-37.4,6.9,1.0
6.32,1.8200000000000003,7.343,-1.73,0.134,-0.032,-0.125,0.163,-17.5,-37.0,8.0,1.0
6.34,1.8399999999999999,6.733,-1.723,0.41700000000000004,0.047,-0.366,0.10099999999999999,-17.0,-36.2,8.0,1.0
6.36,1.8600000000000003,6.428999999999999,-1.0070000000000001,-0.706,0.223,-0.423,0.043,-18.3,-38.0,8.5,1.0
6.38,1.88,7.702999999999999,-0.40399999999999997,-1.274,0.07200000000000001,-0.298,0.055,-19.4,-36.7,7.8,1.0
6.4,1.9000000000000004,10.609000000000002,-0.562,0.188,-0.16899999999999998,0.042,0.025,-18.4,-35.8,8.5,1.0
6.42,1.92,12.205,-0.813,1.165,-0.098,0.042,0.10800000000000001,-17.8,-38.6,9.4,1.0
6.44,1.9400000000000004,11.687000000000001,-1.665,-1.278,-0.307,-0.263,0.102,-19.3,-35.7,9.6,1.0
6.46,1.96,11.39,-1.5859999999999999,-2.289,0.127,-0.325,0.109,-18.7,-35.3,8.2,1.0
6.48,1.9800000000000004,13.423,-0.34600000000000003,-0.237,-0.607,-0.397,0.145,-19.2,-36.7,8.3,1.0
6.5,2.0,12.984000000000002,-1.859,-1.2790000000000001,-1.082,-0.521,0.037000000000000005,-19.1,-36.1,8.8,1.0
6.52,2.0199999999999996,13.274000000000001,-2.299,0.048,-0.19699999999999998,-0.557,0.14,-21.1,-35.9,9.6,1.0
6.54,2.04,12.183,-2.7239999999999998,1.258,-0.111,-0.597,0.185,-20.8,-35.6,10.1,1.0
6.56,2.0599999999999996,10.38,-1.01,1.767,0.193,-0.479,0.10400000000000001,-20.4,-35.8,11.4,1.0
6.58,2.08,9.137,-0.888,1.5859999999999999,0.59,-0.48100000000000004,-0.179,-20.9,-35.0,10.8,1.0
6.6,2.0999999999999996,9.951,-0.377,2.855,0.385,-0.129,-0.213,-21.1,-35.4,11.3,1.0
6.62,2.12,10.899000000000001,-0.758,2.292,0.75,-0.009000000000000001,-0.217,-20.9,-37.3,11.5,1.0
6.64,2.1399999999999997,10.936,-0.42,2.61,1.15,0.11199999999999999,-0.259,-21.4,-37.4,11.4,1.0
6.66,2.16,10.988,-0.645,2.405,0.5379999999999999,0.07400000000000001,-0.179,-21.5,-37.1,12.6,1.0
6.68,2.1799999999999997,11.205,-1.629,1.425,-0.049,-0.051,-0.055999999999999994,-21.8,-38.2,12.1,1.0
6.7,2.2,9.821,-1.7719999999999998,0.316,-0.271,-0.109,-0.052000000000000005,-22.0,-37.1,13.2,1.0
6.72,2.2199999999999998,8.749,-0.524,0.318,-0.16699999999999998,0.01,-0.187,-22.2,-37.8,12.0,1.0
6.74,2.24,8.252,0.414,0.188,0.379,0.057999999999999996,-0.228,-20.1,-38.0,13.4,1.0
6.76,2.26,7.769,0.659,0.27699999999999997,0.6509999999999999,0.08199999999999999,-0.507,-21.8,-37.5,14.3,1.0
6.78,2.2800000000000002,7.766,0.452,0.389,0.688,0.162,-0.56,-20.7,-39.6,13.0,1.0
6.8,2.3,7.666,0.56,0.47,0.63,0.183,-0.486,-22.5,-39.7,14.1,1.0
6.82,2.3200000000000003,7.466,0.812,0.165,0.307,0.157,-0.423,-21.4,-38.9,14.2,1.0
6.84,2.34,7.2010000000000005,1.5319999999999998,-0.259,-0.004,0.048,-0.37,-20.8,-39.0,12.5,1.0
6.86,2.3600000000000003,7.184,1.764,-0.496,-0.159,-0.040999999999999995,-0.324,-22.0,-40.3,14.7,1.0
6.88,2.38,7.332999999999999,1.695,-0.349,-0.32,-0.131,-0.271,-21.6,-39.3,13.8,1.0
6.9,2.4000000000000004,6.847,1.4669999999999999,0.015,-0.509,-0.32299999999999995,-0.127,-21.9,-39.8,15.0,1.0
6.92,2.42,6.3870000000000005,1.084,-0.156,-1.099,-0.419,-0.022000000000000002,-22.8,-40.4,14.8,1.0
6.94,2.4400000000000004,7.015,0.705,-1.52,-0.8240000000000001,-0.397,0.022000000000000002,-21.7,-39.8,13.8,1.0
6.96,2.46,8.747,0.58,-1.517,-0.376,-0.18100000000000002,0.008,-22.7,-39.6,14.7,1.0
6.98,2.4800000000000004,11.331,-0.158,-0.321,-0.07400000000000001,0.12300000000000001,0.025,-23.0,-40.2,13.3,1.0
7.0,2.5,12.887,-1.192,-1.324,0.19399999999999998,-0.057,-0.052000000000000005,-22.4,-39.4,13.7,1.0
7.02,2.5199999999999996,11.446,-1.113,-3.2089999999999996,0.071,-0.444,-0.107,-23.1,-38.2,14.7,1.0
7.04,2.54,10.475999999999999,-0.217,-3.161,-0.249,-0.591,-0.048,-21.9,-38.9,14.9,1.0
7.06,2.5599999999999996,12.887,1.261,-1.9569999999999999,0.499,-0.48200000000000004,-0.081,-22.8,-39.7,15.6,1.0
7.08,2.58,14.0,1.413,-1.133,0.609,-0.396,-0.106,-23.5,-39.6,15.1,1.0
7.1,2.5999999999999996,14.797,0.207,0.9279999999999999,0.556,-0.358,-0.384,-23.0,-38.7,16.5,1.0
7.12,2.62,11.544,0.20199999999999999,0.934,0.635,-0.888,-0.363,-22.3,-40.5,16.8,1.0
7.14,2.6399999999999997,8.021,-0.537,0.05,-0.14400000000000002,-0.623,-0.19699999999999998,-22.7,-40.2,18.0,1.0
7.16,2.66,8.395,-0.152,1.536,-0.512,-0.03,0.028999999999999998,-23.1,-41.4,19.6,1.0
7.18,2.6799999999999997,11.402000000000001,0.043,2.396,-0.184,0.336,0.179,-22.5,-39.3,18.1,1.0
7.2,2.7,13.228,0.52,2.0869999999999997,-1.113,0.35700000000000004,0.342,-22.9,-39.3,17.1,1.0
7.22,2.7199999999999998,12.0,0.48,2.153,-1.3969999999999998,0.22699999999999998,0.25,-21.9,-39.4,17.6,1.0
7.24,2.74,10.562999999999999,0.06,1.46,-0.261,0.23,-0.09699999999999999,-22.1,-40.1,15.8,1.0
7.26,2.76,11.207,0.213,1.003,0.08199999999999999,0.195,-0.053,-22.1,-39.8,16.8,1.0
7.28,2.7800000000000002,9.37,0.377,0.24100000000000002,0.586,0.04,-0.11699999999999999,-23.0,-40.3,16.3,1.0
7.3,2.8,8.408,-0.8859999999999999,0.033,0.617,0.16,0.079,-23.9,-39.6,16.1,1.0
7.32,2.8200000000000003,7.712999999999999,-1.7519999999999998,0.032,0.517,0.26899999999999996,0.311,-23.2,-39.0,16.3,1.0
7.34,2.84,7.056,-1.453,-0.41600000000000004,0.153,0.28600000000000003,0.495,-23.7,-39.6,17.6,1.0
7.36,2.8600000000000003,7.12,-0.904,0.08199999999999999,-0.11599999999999999,0.502,0.5870000000000001,-23.8,-38.7,16.0,1.0
7.38,2.88,7.688,-0.84,0.5479999999999999,-0.303,0.46799999999999997,0.66,-23.7,-39.0,15.9,1.0
7.4,2.9000000000000004,8.175,-0.6829999999999999,-0.003,-0.214,0.28300000000000003,0.688,-24.6,-39.0,16.8,1.0
7.42,2.92,7.4670000000000005,-1.088,-0.8809999999999999,0.265,0.079,0.514,-23.1,-39.2,15.4,1.0
7.44,2.9400000000000004,7.062,-1.444,-1.375,0.48100000000000004,-0.11,0.312,-23.9,-38.5,16.9,1.0
7.46,2.96,7.218999999999999,-1.065,-1.631,0.535,-0.17,0.18,-23.6,-38.3,16.1,1.0
7.48,2.9800000000000004,7.178999999999999,-0.857,-2.242,0.373,-0.342,0.10300000000000001,-24.7,-38.3,17.1,1.0
7.5,3.0,7.382000000000001,-1.158,-1.754,0.628,-0.36700000000000005,-0.031,-25.4,-38.7,17.4,1.0
7.52,3.0199999999999996,8.147,-1.5919999999999999,-1.599,0.977,-0.42700000000000005,-0.11699999999999999,-26.3,-39.5,18.1,1.0
7.54,3.04,9.687000000000001,-1.089,-1.178,0.9490000000000001,-0.344,-0.105,-24.2,-39.0,19.2,1.0
7.56,3.0599999999999996,10.717,-0.42100000000000004,-0.935,0.5489999999999999,-0.159,-0.07400000000000001,-24.8,-38.3,19.4,1.0
7.58,3.08,11.085999999999999,0.6729999999999999,-0.7979999999999999,-0.026000000000000002,-0.062,-0.061,-25.6,-38.2,19.9,1.0
7.6,3.0999999999999996,11.184000000000001,1.2409999999999999,-1.8,-0.5,-0.278,0.187,-25.6,-38.8,19.6,1.0
7.62,3.12,9.642000000000001,0.235,-3.592,-0.575,-0.259,0.32299999999999995,-25.4,-38.4,18.8,1.0
7.64,3.1399999999999997,12.157,-0.005,-1.315,-0.64,-0.185,0.35700000000000004,-25.1,-38.1,19.4,1.0
7.66,3.16,12.657,-2.883,-3.426,-1.351,-0.44,0.23600000000000002,-25.0,-37.9,18.8,1.0
7.68,3.1799999999999997,12.535,-4.754,-2.293,-0.19699999999999998,-0.358,0.305,-27.1,-39.0,17.9,1.0
7.7,3.2,13.144,-3.85,0.7190000000000001,-0.685,-0.39299999999999996,0.648,-25.0,-38.7,19.7,1.0
7.72,3.2199999999999998,11.584000000000001,-0.7240000000000001,1.033,-0.7809999999999999,-0.47700000000000004,0.5329999999999999,-27.0,-37.3,19.2,1.0
7.74,3.24,8.868,1.3030000000000002,0.039,0.048,-0.507,0.107,-25.7,-36.6,20.2,1.0
7.76,3.26,8.238999999999999,0.23800000000000002,0.912,0.5710000000000001,-0.052000000000000005,-0.054000000000000006,-25.8,-36.6,20.2,1.0
7.78,3.2800000000000002,10.868,-0.938,1.814,0.619,0.353,-0.091,-27.0,-37.5,20.1,1.0
7.8,3.3,12.571,-1.7830000000000001,2.019,0.943,0.39799999999999996,-0.126,-27.5,-38.1,20.7,1.0
7.82,3.3200000000000003,11.798,-1.829,1.631,0.816,0.16699999999999998,-0.043,-25.5,-38.5,20.8,1.0
7.84,3.34,10.815999999999999,-1.584,1.056,-0.012,0.063,-0.01,-26.6,-38.6,21.4,1.0
7.86,3.3600000000000003,11.267999999999999,-1.199,0.47100000000000003,-0.365,0.04,-0.081,-26.4,-37.9,18.9,1.0
7.88,3.38,9.573,-0.8540000000000001,-0.35600000000000004,-0.35600000000000004,-0.04,-0.16399999999999998,-25.7,-38.7,20.5,1.0
7.9,3.4000000000000004,8.861,0.6970000000000001,-0.46799999999999997,-0.252,0.096,-0.406,-25.6,-37.8,19.8,1.0
7.92,3.42,8.129,0.7609999999999999,-0.307,0.182,0.247,-0.503,-27.1,-38.1,19.5,1.0
7.94,3.4400000000000004,8.139,0.541,-0.022000000000000002,0.534,0.34,-0.742,-25.6,-38.6,19.8,1.0
7.96,3.46,8.216000000000001,-0.011000000000000001,0.21600000000000003,0.452,0.33299999999999996,-0.6709999999999999,-24.9,-38.6,20.6,1.0
7.98,3.4800000000000004,8.101,0.087,-0.027000000000000003,0.21100000000000002,0.275,-0.5589999999999999,-24.4,-38.9,21.2,1.0
8.0,3.5,7.584,0.49,-0.561,-0.107,0.182,-0.446,-25.8,-40.2,19.3,1.0
8.02,3.5199999999999996,7.055,1.3,-0.903,-0.44799999999999995,0.11199999999999999,-0.233,-24.7,-39.2,20.5,1.0
8.04,3.539999999999999,7.19,2.396,-1.0290000000000001,-0.741,0.055999999999999994,-0.122,-26.1,-41.4,18.6,1.0
8.06,3.5600000000000005,7.532,1.6219999999999999,-0.977,-0.7090000000000001,0.012,-0.001,-26.2,-41.2,20.2,1.0
8.08,3.58,7.574,0.774,-1.465,-0.685,-0.131,0.079,-24.5,-40.5,19.1,1.0
8.1,3.5999999999999996,7.85,0.175,-1.931,-0.611,-0.15,0.154,-25.8,-41.7,18.6,1.0
8.12,3.619999999999999,8.369,-0.16399999999999998,-1.825,-0.43200000000000005,-0.11199999999999999,0.26899999999999996,-25.7,-39.8,18.7,1.0
8.14,3.6400000000000006,8.756,0.015,-1.7630000000000001,-0.794,-0.165,0.426,-26.2,-40.3,17.2,1.0
8.16,3.66,9.464,-0.11699999999999999,-1.8119999999999998,-1.175,-0.147,0.534,-25.8,-39.5,18.0,1.0
8.18,3.6799999999999997,10.05,-0.5870000000000001,-1.122,-1.2919999999999998,-0.128,0.5,-26.1,-39.7,17.2,1.0
8.2,3.6999999999999993,10.064,-0.805,-1.207,-0.635,-0.22699999999999998,0.33299999999999996,-26.4,-37.9,17.1,1.0
8.22,3.7200000000000006,9.297,0.033,-1.511,-0.07400000000000001,-0.18600000000000003,0.013000000000000001,-26.3,-39.4,16.9,1.0
8.24,3.74,9.558,0.55,-2.358,-0.047,-0.245,-0.086,-25.9,-38.9,19.0,1.0
8.26,3.76,9.977,0.547,-3.325,-0.73,-0.314,-0.142,-26.2,-38.3,17.7,1.0
8.28,3.7799999999999994,10.186,0.345,-3.708,-0.7909999999999999,-0.376,-0.243,-27.1,-39.2,17.6,1.0
8.3,3.8000000000000007,9.461,0.9540000000000001,-4.1,-0.64,-0.613,-0.284,-25.9,-39.3,17.1,1.0
8.32,3.8200000000000003,10.7,0.294,-3.85,-0.6709999999999999,-0.363,-0.40700000000000003,-26.1,-39.2,17.3,1.0
8.34,3.84,12.095,0.366,-2.427,0.721,-0.12,-0.642,-24.7,-40.6,16.2,1.0
8.36,3.8599999999999994,13.76,-0.7609999999999999,-0.6609999999999999,1.494,0.456,-0.708,-24.9,-39.9,19.0,1.0
8.38,3.880000000000001,15.952,-3.7119999999999997,4.601,2.613,0.648,-0.69,-25.8,-40.8,19.5,2.0
8.4,3.9000000000000004,12.600999999999999,-8.334,3.3,1.7830000000000001,-0.073,-0.075,-25.2,-41.2,18.8,2.0
8.42,3.92,6.189,-2.8089999999999997,-0.797,1.7530000000000001,-0.08900000000000001,-0.42200000000000004,-24.9,-43.1,20.7,2.0
8.44,3.9399999999999995,6.362,1.964,-0.366,-1.696,0.767,-0.18600000000000003,-24.9,-42.7,20.0,2.0
8.46,3.960000000000001,11.038,3.363,3.6489999999999996,-1.3519999999999999,1.1440000000000001,0.413,-24.8,-41.7,18.5,2.0
8.48,3.9800000000000004,16.546,3.705,4.987,-0.757,1.579,0.768,-24.2,-41.4,16.8,2.0
8.5,4.0,12.889000000000001,3.435,3.742,-0.18600000000000003,0.177,0.28800000000000003,-25.2,-40.9,16.9,2.0
8.52,4.02,9.677,0.34600000000000003,2.891,0.6559999999999999,0.58,-0.431,-25.0,-41.8,16.9,2.0
8.54,4.039999999999999,12.225999999999999,-2.963,3.549,-0.08900000000000001,0.695,-0.40399999999999997,-24.0,-43.1,15.5,2.0
8.56,4.0600000000000005,10.248,-2.497,2.508,-0.807,0.205,0.106,-23.6,-42.8,15.1,2.0
8.58,4.08,8.105,-1.018,2.247,-0.986,0.588,0.213,-25.0,-41.7,15.2,2.0
8.6,4.1,8.177,-0.498,2.221,-0.924,0.8029999999999999,0.20800000000000002,-24.4,-41.3,13.7,2.0
8.62,4.119999999999999,7.829,-0.245,1.219,-0.846,1.0490000000000002,0.129,-25.2,-42.1,13.0,2.0
8.64,4.140000000000001,8.336,-0.078,1.64,-0.705,1.2409999999999999,0.016,-23.8,-40.4,11.8,2.0
8.66,4.16,9.135,-1.008,2.6860000000000004,-0.396,1.321,-0.127,-23.5,-41.0,11.0,2.0
8.68,4.18,8.978,-1.974,2.997,0.077,1.209,-0.223,-23.1,-40.1,9.8,2.0
8.7,4.199999999999999,7.8389999999999995,-2.48,1.8359999999999999,0.317,1.193,-0.111,-24.4,-41.3,10.5,2.0
8.72,4.220000000000001,6.712999999999999,-1.923,0.696,0.39,1.224,0.131,-21.5,-40.7,8.2,2.0
8.74,4.24,7.367999999999999,-2.459,2.324,0.45299999999999996,1.251,0.2,-22.5,-42.5,8.4,2.0
8.76,4.26,7.252999999999999,-2.5580000000000003,2.6039999999999996,0.77,1.37,0.19699999999999998,-23.2,-40.7,7.8,2.0
8.78,4.279999999999999,6.0760000000000005,-2.17,0.436,0.956,1.621,0.23199999999999998,-22.3,-42.0,9.2,2.0
8.8,4.300000000000001,3.968,-0.797,-0.815,0.9740000000000001,1.7109999999999999,0.392,-20.4,-42.1,6.7,2.0
8.82,4.32,4.721,-0.795,1.681,0.765,1.636,0.373,-21.2,-41.5,5.9,2.0
8.84,4.34,4.974,-0.563,2.077,1.03,1.6980000000000002,0.325,-20.6,-40.8,5.3,2.0
8.86,4.359999999999999,4.83,-1.5030000000000001,1.591,0.903,1.781,0.17800000000000002,-19.7,-41.4,4.4,2.0
8.88,4.380000000000001,4.2589999999999995,-0.888,0.775,0.925,1.6580000000000001,0.115,-20.4,-42.0,4.9,2.0
8.9,4.4,6.067,-0.122,2.694,0.742,1.5119999999999998,0.055,-18.2,-43.7,3.9,2.0
8.92,4.42,6.895,-0.1,3.63,0.6459999999999999,1.536,-0.063,-17.3,-43.3,2.1,2.0
8.94,4.4399999999999995,7.057,-0.545,3.9219999999999997,0.767,1.34,-0.248,-16.9,-44.4,2.5,2.0
8.96,4.460000000000001,6.752000000000001,0.196,3.99,0.6990000000000001,1.005,-0.026000000000000002,-17.3,-43.9,3.5,2.0
8.98,4.48,7.516,1.082,4.857,0.701,0.919,-0.008,-16.6,-44.4,2.9,2.0
9.0,4.5,7.822,1.3969999999999998,5.215,0.517,0.809,-0.138,-15.5,-45.1,4.0,2.0
9.02,4.52,8.567,0.9440000000000001,6.233,0.44299999999999995,0.78,-0.14,-15.9,-45.5,3.8,2.0
9.04,4.539999999999999,8.56,0.159,5.434,0.365,0.611,-0.201,-14.5,-45.9,3.7,2.0
9.06,4.5600000000000005,8.737,0.743,6.063,0.488,0.452,0.021,-13.1,-45.7,3.1,3.0
9.08,4.58,9.138,1.308,6.836,0.366,0.331,0.028999999999999998,-13.3,-46.5,4.2,3.0
9.1,4.6,9.387,1.496,7.103,0.21899999999999997,0.287,-0.08199999999999999,-14.1,-46.7,3.7,3.0
9.12,4.619999999999999,9.868,1.5519999999999998,7.45,0.191,0.265,-0.165,-12.4,-47.0,3.9,3.0
9.14,4.640000000000001,9.765,1.906,7.492999999999999,0.126,0.196,-0.142,-13.5,-47.4,3.9,3.0
9.16,4.66,9.536,1.7990000000000002,7.242000000000001,-0.015,0.145,-0.111,-12.5,-47.6,4.3,3.0
9.18,4.68,9.792,1.591,7.306,-0.055999999999999994,0.094,-0.039,-14.1,-47.4,4.4,3.0
9.2,4.699999999999999,9.897,1.676,7.49,-0.051,0.07200000000000001,-0.02,-13.3,-47.7,4.8,3.0
9.22,4.720000000000001,9.809,1.831,7.437,-0.069,0.028999999999999998,-0.006,-12.6,-47.1,3.3,3.0
9.24,4.74,9.835,1.719,7.35,-0.12300000000000001,0.0,-0.019,-12.4,-47.8,5.3,3.0
9.26,4.76,9.887,1.785,7.685,-0.105,0.009000000000000001,0.005,-13.4,-47.8,3.7,3.0
9.28,4.779999999999999,9.865,1.881,7.606,-0.124,0.063,0.024,-12.8,-46.6,3.4,3.0
9.3,4.800000000000001,9.849,1.8359999999999999,7.643,-0.1,0.083,-0.011000000000000001,-12.9,-47.1,4.1,3.0
9.32,4.82,10.283,1.73,7.976,-0.066,0.02,0.015,-12.5,-47.2,3.8,3.0
9.34,4.84,10.341,1.795,8.472000000000001,-0.132,0.064,0.023,-12.0,-46.4,3.7,3.0
9.36,4.859999999999999,10.751,1.591,8.562000000000001,-0.214,0.01,0.033,-12.6,-47.3,4.0,3.0
9.38,4.880000000000001,10.794,1.646,8.568,-0.204,-0.004,0.06,-13.3,-47.5,3.0,3.0
9.4,4.9,10.945,1.541,8.332,-0.256,-0.019,0.033,-12.2,-46.7,3.1,3.0
9.42,4.92,11.243,1.369,7.779,-0.259,0.042,-0.005,-13.7,-48.0,3.7,3.0
9.44,4.9399999999999995,11.044,0.915,7.215,-0.26,0.149,-0.036000000000000004,-12.7,-47.0,3.0,3.0
9.46,4.960000000000001,10.814,0.867,6.978,-0.21899999999999997,0.28300000000000003,-0.012,-13.1,-45.9,2.5,3.0
9.48,4.98,10.283,0.745,7.119,-0.16699999999999998,0.373,-0.006999999999999999,-12.9,-46.3,2.0,3.0
9.5,5.0,9.907,0.9129999999999999,7.35,-0.049,0.402,-0.013999999999999999,-11.4,-45.4,2.0,3.0
9.52,5.02,9.747,1.036,7.4079999999999995,-0.034,0.353,0.002,-13.9,-46.5,2.5,3.0
9.54,5.039999999999999,9.56,1.149,7.189,-0.015,0.311,0.065,-12.9,-47.2,2.6,3.0
9.56,5.0600000000000005,9.262,1.177,7.149,-0.09699999999999999,0.29,0.111,-12.5,-46.6,2.7,3.0
9.58,5.08,9.089,0.968,7.135,-0.159,0.255,0.111,-12.8,-46.3,0.6,3.0
9.6,5.1,9.01,0.9279999999999999,7.106,-0.22,0.166,0.094,-12.5,-46.6,0.6,3.0
9.62,5.119999999999999,8.986,0.833,6.999,-0.276,0.085,0.071,-12.8,-46.8,1.3,3.0
9.64,5.140000000000001,8.976,0.5870000000000001,6.901,-0.316,0.017,0.037000000000000005,-12.7,-45.7,-0.1,3.0
9.66,5.16,8.911,0.498,6.667000000000001,-0.306,-0.047,0.04,-13.0,-45.4,0.2,3.0
9.68,5.18,8.882,0.522,6.664,-0.29100000000000004,-0.113,0.055,-13.3,-45.8,1.0,3.0
9.7,5.199999999999999,8.771,0.716,6.502000000000001,-0.28800000000000003,-0.182,0.078,-12.8,-45.3,0.4,3.0
9.72,5.220000000000001,8.651,0.9440000000000001,6.431,-0.366,-0.251,0.115,-13.1,-44.5,0.1,3.0
9.74,5.24,8.36,0.9159999999999999,5.901,-0.47200000000000003,-0.306,0.175,-14.3,-45.1,1.7,3.0
9.76,5.26,7.9239999999999995,0.579,5.377999999999999,-0.426,-0.401,0.162,-13.3,-44.3,-0.6,3.0
9.78,5.279999999999999,7.372999999999999,0.397,4.613,-0.466,-0.508,0.203,-13.2,-44.1,-0.5,3.0
9.8,5.300000000000001,6.7829999999999995,0.37200000000000005,4.2010000000000005,-0.503,-0.615,0.24,-14.4,-44.0,1.2,3.0
9.82,5.32,5.83,0.23,3.2739999999999996,-0.54,-0.74,0.235,-14.5,-43.3,1.1,3.0
9.84,5.34,4.9030000000000005,-0.077,2.343,-0.578,-0.9109999999999999,0.2,-15.4,-42.7,-0.4,3.0
9.86,5.359999999999999,3.9810000000000003,-0.091,1.5630000000000002,-0.546,-1.0759999999999998,0.064,-15.8,-44.1,1.0,3.0
9.88,5.380000000000001,3.557,-0.267,1.402,-0.486,-1.2309999999999999,-0.013000000000000001,-17.0,-43.2,0.0,3.0
9.9,5.4,3.425,-0.24600000000000002,1.435,-0.424,-1.359,-0.025,-16.6,-43.3,1.0,3.0
9.92,5.42,3.859,-0.564,1.591,-0.324,-1.4569999999999999,-0.077,-17.4,-42.6,0.7,3.0
9.94,5.4399999999999995,4.391,-0.862,1.88,-0.23800000000000002,-1.558,-0.09300000000000001,-18.2,-41.6,2.4,3.0
9.96,5.460000000000001,5.2170000000000005,-1.148,1.9669999999999999,-0.179,-1.56,-0.11699999999999999,-20.1,-41.4,2.6,3.0
9.98,5.48,6.065,-1.465,2.38,-0.106,-1.5319999999999998,-0.185,-19.7,-42.7,3.7,3.0
10.0,5.5,7.146,-1.5130000000000001,2.91,-0.0,-1.454,-0.209,-20.0,-42.6,4.4,3.0
10.02,5.52,8.327,-2.119,3.201,0.011000000000000001,-1.3030000000000002,-0.20199999999999999,-21.3,-41.9,4.7,3.0
10.04,5.539999999999999,9.247,-3.241,2.926,0.359,-1.232,-0.14400000000000002,-21.6,-42.1,6.3,3.0
10.06,5.5600000000000005,9.269,-3.906,2.722,0.49,-1.135,0.018000000000000002,-21.2,-43.4,7.4,3.0
10.08,5.58,8.634,-3.5269999999999997,2.495,0.579,-1.189,0.19699999999999998,-22.7,-43.4,7.6,3.0
10.1,5.6,8.629,-3.16,2.475,0.797,-1.18,0.29100000000000004,-22.5,-44.0,8.8,3.0
10.12,5.619999999999999,8.881,-2.924,2.406,0.9309999999999999,-1.169,0.33899999999999997,-23.7,-43.3,10.1,3.0
10.14,5.640000000000001,9.118,-2.615,1.814,1.083,-1.112,0.335,-22.7,-42.8,9.4,3.0
10.16,5.66,9.083,-2.127,1.817,1.037,-1.075,0.344,-24.4,-43.9,13.3,3.0
10.18,5.68,9.103,-1.808,1.931,1.038,-1.047,0.284,-22.9,-43.4,14.4,3.0
10.2,5.699999999999999,9.561,-1.785,2.066,1.075,-0.995,0.14800000000000002,-23.6,-43.6,14.3,3.0
10.22,5.720000000000001,10.134,-1.556,1.765,1.1520000000000001,-0.84,0.055,-23.4,-44.5,16.4,3.0
10.24,5.74,10.427,-1.306,1.804,1.151,-0.8,-0.022000000000000002,-23.7,-44.2,16.2,3.0
10.26,5.76,10.52,-1.354,1.705,1.24,-0.6709999999999999,-0.042,-23.4,-44.8,17.6,3.0
10.28,5.779999999999999,10.436,-1.255,1.597,1.406,-0.518,-0.031,-24.4,-43.9,18.3,3.0
10.3,5.800000000000001,10.312999999999999,-0.563,1.028,1.3630000000000002,-0.386,0.069,-23.9,-46.2,19.5,3.0
10.32,5.82,10.982000000000001,-0.015,0.919,1.318,-0.273,0.172,-25.0,-44.6,20.7,3.0
10.34,5.84,10.850999999999999,0.585,0.414,1.4,-0.21600000000000003,0.15,-24.6,-44.6,21.3,3.0
10.36,5.859999999999999,10.176,0.731,0.006,1.4809999999999999,-0.19399999999999998,0.023,-25.1,-45.3,21.2,3.0
10.38,5.880000000000001,9.398,0.775,-0.345,1.531,-0.23399999999999999,0.002,-24.5,-45.1,22.7,3.0
10.4,5.9,9.434,0.544,-0.564,1.692,-0.244,0.012,-24.3,-44.9,24.2,3.0
10.42,5.92,9.904,0.616,-0.434,1.8869999999999998,-0.24100000000000002,0.011000000000000001,-23.5,-46.0,25.0,3.0
10.44,5.9399999999999995,10.152999999999999,0.297,-0.6779999999999999,2.145,-0.22,-0.05,-25.4,-44.4,25.2,3.0
10.46,5.960000000000001,9.605,0.252,-0.784,2.2230000000000003,-0.184,-0.061,-24.9,-44.4,28.2,3.0
10.48,5.98,9.163,0.434,-0.85,2.147,-0.155,0.016,-24.2,-44.7,28.4,3.0
10.5,6.0,9.266,0.953,-0.7879999999999999,2.0780000000000003,-0.14,0.076,-24.2,-44.6,28.9,3.0
10.52,6.02,9.488,1.056,-1.09,2.045,-0.127,0.051,-26.3,-44.4,30.8,3.0
10.54,6.039999999999999,9.517000000000001,0.953,-1.499,2.184,-0.14300000000000002,-0.069,-24.6,-44.9,32.7,3.0
10.56,6.0600000000000005,9.877,0.748,-0.937,2.227,-0.17800000000000002,-0.14800000000000002,-24.6,-44.3,31.9,3.0
10.58,6.08,9.865,0.73,-0.603,2.134,-0.153,-0.141,-24.4,-43.5,32.4,3.0
10.6,6.1,9.772,0.69,-0.223,1.989,-0.138,-0.10099999999999999,-24.9,-44.1,34.0,3.0
10.62,6.119999999999999,9.887,0.73,-0.35700000000000004,1.91,-0.091,-0.047,-23.2,-43.0,35.6,3.0
10.64,6.140000000000001,9.982000000000001,1.0170000000000001,-0.584,1.796,-0.008,0.017,-24.0,-42.6,35.9,3.0
10.66,6.16,9.85,1.0659999999999998,-0.774,1.757,0.04,-0.006999999999999999,-24.8,-41.6,36.5,3.0
10.68,6.18,9.847999999999999,0.805,-0.782,1.79,0.08,-0.078,-23.7,-41.3,38.4,3.0
10.7,6.199999999999999,9.806000000000001,0.511,-0.792,1.8090000000000002,0.095,-0.12,-24.8,-40.4,38.1,3.0
10.72,6.220000000000001,9.656,0.5660000000000001,-0.973,1.854,0.063,-0.098,-24.3,-40.2,39.0,3.0
10.74,6.24,9.668,1.193,-0.872,1.865,-0.018000000000000002,-0.053,-23.8,-40.5,40.6,4.0
10.76,6.26,9.658999999999999,1.4680000000000002,-0.7759999999999999,1.834,-0.046,-0.077,-23.8,-39.1,40.7,4.0
10.78,6.279999999999999,9.559,1.391,-0.713,1.796,-0.026000000000000002,-0.10300000000000001,-24.0,-39.0,40.7,4.0
10.8,6.300000000000001,9.484,0.924,-0.7070000000000001,1.828,0.01,-0.10300000000000001,-24.1,-37.9,41.6,4.0
10.82,6.32,9.37,0.897,-0.81,1.8419999999999999,0.044000000000000004,-0.069,-24.9,-37.0,41.5,4.0
10.84,6.34,9.502,0.9329999999999999,-1.022,1.828,0.07200000000000001,0.005,-24.8,-36.9,42.5,4.0
10.86,6.359999999999999,9.638,1.083,-0.987,1.8159999999999998,0.054000000000000006,0.07400000000000001,-23.9,-36.2,43.5,4.0
10.88,6.380000000000001,9.543,1.504,-1.063,1.788,0.045,0.107,-25.4,-35.5,43.7,4.0
10.9,6.4,9.318999999999999,1.683,-0.9440000000000001,1.7690000000000001,0.019,0.098,-25.3,-33.9,44.7,4.0
10.92,6.42,9.195,1.642,-0.965,1.7830000000000001,-0.015,0.065,-25.7,-33.5,45.4,4.0
10.94,6.4399999999999995,9.091000000000001,1.663,-0.701,1.761,-0.036000000000000004,0.076,-24.1,-31.7,44.3,4.0
10.96,6.460000000000001,8.87,1.808,-0.621,1.59,-0.04,0.10400000000000001,-23.6,-31.0,45.3,4.0
10.98,6.48,8.933,2.096,-0.654,1.3940000000000001,-0.057999999999999996,0.125,-24.0,-31.5,45.1,4.0
11.0,6.5,8.757,2.323,-0.631,1.17,-0.08800000000000001,0.10099999999999999,-25.1,-30.2,46.4,4.0
11.02,6.52,8.801,2.381,-0.787,1.115,-0.133,0.015,-25.1,-29.6,47.9,4.0
11.04,6.539999999999999,8.874,2.076,-0.7759999999999999,1.239,-0.161,-0.14300000000000002,-24.0,-29.1,46.3,4.0
11.06,6.5600000000000005,9.1,1.486,-0.624,1.328,-0.253,-0.33399999999999996,-24.2,-28.9,48.3,4.0
11.08,6.58,9.956,0.38799999999999996,0.349,1.229,-0.312,-0.485,-22.9,-28.4,47.9,4.0
11.1,6.6,11.732999999999999,-1.08,-0.853,2.254,-0.193,-0.685,-25.9,-27.6,48.3,4.0
11.12,6.619999999999999,10.628,-0.862,-0.5579999999999999,1.651,-0.138,-0.7759999999999999,-24.7,-27.6,48.9,4.0
11.14,6.640000000000001,10.163,-0.369,0.8,1.2009999999999998,-0.031,-0.428,-23.3,-26.6,49.1,4.0
11.16,6.66,10.617,-1.6380000000000001,0.245,1.5219999999999998,0.154,-0.261,-23.1,-26.4,48.6,4.0
11.18,6.68,11.078,-1.3880000000000001,0.021,1.324,0.171,-0.184,-24.1,-27.1,48.2,4.0
11.2,6.699999999999999,10.77,-1.454,-0.47,1.541,0.131,0.013000000000000001,-21.5,-25.2,48.9,4.0
11.22,6.720000000000001,11.222999999999999,-1.402,-1.069,1.786,0.079,0.175,-24.1,-24.4,48.4,4.0
11.24,6.74,11.17,-1.5730000000000002,-1.188,2.114,0.009000000000000001,0.293,-24.6,-21.6,48.5,4.0
11.26,6.76,10.491,-1.6,-1.368,1.992,0.017,0.38,-23.7,-22.3,48.4,4.0
11.28,6.779999999999999,9.859,-1.673,-1.7530000000000001,2.019,0.01,0.391,-23.1,-19.3,48.2,4.0
11.3,6.800000000000001,9.753,-1.557,-1.339,2.0469999999999997,0.02,0.457,-23.6,-18.5,47.7,4.0
11.32,6.82,9.652000000000001,-0.958,-1.196,2.0380000000000003,0.08900000000000001,0.489,-23.8,-17.3,48.7,4.0
11.34,6.84,9.314,-0.446,-1.136,2.0269999999999997,0.141,0.5329999999999999,-22.4,-16.5,46.5,4.0
11.36,6.859999999999999,8.974,-0.397,-0.914,2.059,0.16399999999999998,0.52,-23.0,-14.6,46.2,4.0
11.38,6.880000000000001,9.138,-0.07200000000000001,-0.809,1.869,0.14800000000000002,0.516,-23.3,-14.0,46.7,4.0
11.4,6.9,8.988999999999999,0.055999999999999994,-0.9570000000000001,1.851,0.141,0.473,-24.6,-12.4,46.3,4.0
11.42,6.92,8.704,-0.08199999999999999,-1.033,1.8719999999999999,0.11599999999999999,0.319,-25.4,-10.6,45.5,4.0
11.44,6.9399999999999995,9.006,0.027000000000000003,-1.143,1.776,0.127,0.17600000000000002,-24.7,-10.4,45.5,4.0
11.46,6.960000000000001,8.791,-0.151,-1.493,1.659,0.09,0.09699999999999999,-23.8,-9.7,45.2,4.0
11.48,6.98,8.661,0.16,-1.775,1.5130000000000001,0.08199999999999999,0.08,-24.6,-9.0,44.4,4.0
11.5,7.0,8.911,0.23,-1.786,1.375,0.049,0.09699999999999999,-23.8,-7.9,43.9,4.0
11.52,7.02,8.652999999999999,0.158,-2.138,1.375,-0.025,0.067,-24.1,-7.4,43.9,4.0
11.54,7.039999999999999,8.458,0.233,-1.902,1.415,-0.071,-0.025,-24.1,-7.1,42.8,4.0
11.56,7.0600000000000005,8.597999999999999,0.043,-1.589,1.44,-0.10099999999999999,-0.076,-23.3,-7.3,42.0,4.0
11.58,7.08,8.906,-0.071,-0.8240000000000001,1.445,-0.08800000000000001,-0.098,-24.2,-7.5,42.0,4.0
11.6,7.1,9.007,-0.622,-0.593,1.364,-0.09699999999999999,-0.036000000000000004,-23.8,-5.1,41.2,4.0
11.62,7.119999999999999,8.994,-0.789,-0.596,1.329,-0.09699999999999999,0.052000000000000005,-23.7,-5.3,41.4,4.0
11.64,7.140000000000001,9.163,-0.8270000000000001,-1.031,1.225,-0.1,0.19,-23.0,-4.7,40.8,4.0
11.66,7.16,9.193999999999999,-0.71,-1.999,1.192,-0.1,0.253,-23.9,-4.2,41.5,4.0
11.68,7.18,9.642000000000001,-0.466,-2.867,1.091,-0.096,0.165,-23.1,-4.4,39.9,4.0
11.7,7.199999999999999,10.026,-0.634,-3.182,1.135,-0.17600000000000002,0.038,-23.7,-2.4,39.9,4.0
11.72,7.220000000000001,12.485999999999999,-0.132,-1.454,0.7979999999999999,-0.006,-0.044000000000000004,-24.0,-2.7,39.2,4.0
11.74,7.24,12.999,-1.796,-2.878,0.409,-0.092,0.065,-23.3,-2.8,39.7,4.0
11.76,7.26,12.734000000000002,-0.552,-1.403,0.49200000000000005,0.111,-0.011000000000000001,-22.8,-2.0,39.4,4.0
11.78,7.279999999999999,12.64,0.36700000000000005,0.782,0.508,0.10400000000000001,-0.122,-23.1,-3.3,38.3,4.0
11.8,7.300000000000001,11.558,0.885,1.9280000000000002,0.45799999999999996,0.01,-0.069,-23.5,-1.4,38.5,4.0
11.82,7.32,9.228,-0.163,0.851,0.728,-0.23399999999999999,-0.048,-23.8,-2.7,38.5,4.0
11.84,7.34,8.711,-0.35100000000000003,0.742,1.281,-0.20199999999999999,-0.284,-24.0,-3.3,37.6,4.0
11.86,7.359999999999999,10.870999999999999,-0.599,2.178,1.7730000000000001,0.025,-0.36,-23.7,-2.0,37.2,4.0
11.88,7.380000000000001,11.549000000000001,-0.716,1.8659999999999999,2.1790000000000003,0.065,-0.442,-23.8,-2.6,35.8,4.0
11.9,7.4,10.772,-1.757,0.758,1.5630000000000002,-0.08800000000000001,-0.177,-24.4,-2.1,35.7,4.0
11.92,7.42,9.76,-0.632,0.43700000000000006,0.81,-0.17600000000000002,-0.031,-25.2,-1.7,35.2,4.0
11.94,7.4399999999999995,10.299000000000001,0.046,0.5920000000000001,0.807,-0.175,-0.07400000000000001,-23.8,-2.3,34.1,4.0
11.96,7.460000000000001,9.39,0.021,0.377,0.953,-0.22899999999999998,-0.22,-24.3,-1.9,34.4,4.0
11.98,7.48,8.468,0.271,0.161,1.194,-0.225,-0.26899999999999996,-23.9,-1.4,35.4,4.0
12.0,7.5,8.15,0.45899999999999996,0.493,1.74,-0.201,-0.41200000000000003,-23.6,-2.5,34.3,4.0
12.02,7.52,7.807,0.377,0.48200000000000004,1.168,-0.11800000000000001,-0.379,-24.1,-1.7,33.2,4.0
12.04,7.539999999999999,7.495,0.038,0.149,1.016,-0.081,-0.327,-23.7,-1.9,32.6,4.0
12.06,7.5600000000000005,7.385,0.647,0.016,0.631,0.008,-0.218,-26.1,-2.9,33.2,4.0
12.08,7.58,7.9479999999999995,1.972,-0.17800000000000002,0.38,0.001,-0.139,-23.8,-2.3,32.5,4.0
12.1,7.6,8.347999999999999,2.5140000000000002,-0.013000000000000001,0.278,-0.051,-0.16699999999999998,-24.9,-2.0,32.6,4.0
12.12,7.619999999999999,8.167,2.315,-0.524,0.259,-0.16899999999999998,-0.29100000000000004,-25.0,-2.0,32.7,4.0
12.14,7.640000000000001,7.734,1.962,-0.912,0.301,-0.209,-0.37799999999999995,-24.4,-1.3,31.7,4.0
12.16,7.66,7.531000000000001,1.8230000000000002,-0.8,-0.079,-0.308,-0.24100000000000002,-24.6,-1.8,32.6,4.0
12.18,7.68,7.622999999999999,1.205,-1.329,-0.355,-0.391,-0.095,-24.8,-3.2,32.7,4.0
12.2,7.699999999999999,8.457,0.26899999999999996,-1.295,-0.27,-0.37,-0.06,-24.6,-1.6,33.3,4.0
12.22,7.720000000000001,9.302,0.158,-1.182,-0.025,-0.304,-0.034,-24.6,-3.7,32.8,4.0
12.24,7.74,10.448,0.282,-1.389,0.154,-0.256,-0.09699999999999999,-23.8,-4.0,32.4,4.0
12.26,7.76,11.433,-0.033,-1.9780000000000002,0.21100000000000002,-0.218,-0.158,-25.0,-3.4,33.4,4.0
12.28,7.779999999999999,10.953,0.34,-3.051,-0.004,-0.3,-0.20800000000000002,-24.4,-4.3,32.1,4.0
12.3,7.800000000000001,9.947000000000001,1.1,-3.5410000000000004,-0.341,-0.34299999999999997,-0.106,-24.8,-3.1,33.7,4.0
12.32,7.82,10.845,1.845,-3.1519999999999997,-0.07400000000000001,-0.18100000000000002,0.049,-25.1,-4.7,34.6,4.0
12.34,7.84,12.515999999999998,1.7109999999999999,-2.113,0.023,-0.18899999999999997,0.138,-24.2,-4.2,34.0,4.0
12.36,7.859999999999999,13.81,-0.396,0.248,0.507,-0.314,0.1,-24.7,-3.4,35.5,4.0
12.38,7.880000000000001,14.725999999999999,-2.4930000000000003,2.6919999999999997,1.5930000000000002,-0.21,-0.095,-24.7,-4.3,33.3,4.0
12.4,7.9,10.507,-1.639,0.787,0.223,-0.496,-0.212,-23.5,-3.3,35.0,4.0
12.42,7.92,7.746,-0.11599999999999999,-0.316,-1.048,-0.405,0.077,-23.9,-3.3,34.8,4.0
12.44,7.9399999999999995,9.387,0.743,1.02,-1.557,0.013999999999999999,0.449,-23.6,-3.7,36.1,4.0
12.46,7.960000000000001,11.765,1.2309999999999999,1.475,-1.703,0.326,0.642,-23.8,-3.0,35.5,4.0
12.48,7.98,11.869000000000002,2.375,0.127,-1.2590000000000001,0.008,0.499,-22.5,-3.5,36.6,4.0
12.5,8.0,10.918,1.626,-0.27899999999999997,-0.267,-0.154,0.115,-23.9,-3.2,36.6,4.0
12.52,8.02,10.251,-0.76,-0.625,0.15,-0.266,0.076,-22.1,-4.1,36.4,4.0
12.54,8.04,9.369,-1.6119999999999999,-0.843,-0.027000000000000003,-0.386,0.162,-22.8,-3.2,36.4,4.0
12.56,8.06,8.373,-1.518,-0.649,-0.136,-0.305,0.23,-22.4,-3.2,36.3,4.0
12.58,8.08,7.982,-1.3219999999999998,-0.631,-0.26,-0.168,0.27899999999999997,-21.5,-2.3,36.2,4.0
12.6,8.1,7.982,-1.111,-0.446,-0.35,-0.027999999999999997,0.302,-21.3,-3.5,37.5,4.0
12.62,8.12,8.274,-1.162,-0.368,-0.363,0.09,0.29600000000000004,-22.9,-2.7,37.3,4.0
12.64,8.14,8.208,-1.425,-0.38799999999999996,-0.259,0.091,0.265,-21.4,-3.9,37.8,4.0
12.66,8.16,7.942,-1.694,-0.645,0.085,0.009000000000000001,0.151,-21.5,-2.7,37.4,4.0
12.68,8.18,7.442,-1.814,-1.151,0.165,-0.047,0.129,-21.7,-3.1,38.8,4.0
12.7,8.2,7.148,-1.285,-2.024,0.10800000000000001,-0.10800000000000001,0.126,-22.2,-2.0,38.4,4.0
12.72,8.22,7.132999999999999,-0.81,-2.1959999999999997,0.138,-0.11800000000000001,0.047,-21.6,-2.1,38.1,4.0
12.74,8.24,7.494,-0.763,-2.103,0.377,-0.126,-0.08,-21.3,-2.4,38.8,4.0
12.76,8.26,8.122,-0.619,-1.556,0.381,-0.124,-0.13,-21.6,-3.7,37.7,4.0
12.78,8.28,8.62,-1.202,-1.49,0.39399999999999996,-0.175,-0.14800000000000002,-21.9,-2.7,38.3,4.0
12.8,8.3,9.264,-1.14,-1.548,0.33399999999999996,-0.163,-0.048,-21.7,-2.6,38.3,4.0
12.82,8.32,10.325999999999999,-0.667,-1.9680000000000002,0.091,-0.067,0.098,-20.8,-1.8,37.3,4.0
12.84,8.34,10.579,-0.127,-2.8569999999999998,-0.052000000000000005,-0.035,0.11900000000000001,-19.6,-3.4,38.8,4.0
12.86,8.36,10.242,-0.461,-3.9939999999999998,0.252,-0.121,0.016,-20.4,-2.6,38.3,4.0
12.88,8.38,10.005,-1.624,-3.94,0.768,-0.076,-0.155,-20.9,-1.8,36.1,4.0
12.9,8.4,11.81,-1.203,-2.476,-1.063,-0.008,-0.055999999999999994,-21.8,-2.5,38.3,4.0
12.92,8.42,11.940999999999999,-1.511,-3.967,-0.17800000000000002,-0.41,-0.027000000000000003,-20.6,-3.3,38.7,4.0
12.94,8.44,11.251,-0.386,-0.934,-0.32299999999999995,-0.18600000000000003,-0.009000000000000001,-20.1,-3.5,37.9,4.0
12.96,8.46,11.54,0.33399999999999996,-0.055999999999999994,-0.265,-0.32799999999999996,0.183,-20.5,-1.8,39.8,4.0
12.98,8.48,10.469000000000001,0.40700000000000003,0.541,-0.046,-0.132,0.28300000000000003,-20.8,-2.8,38.3,4.0
13.0,8.5,9.99,-0.21899999999999997,-0.34600000000000003,0.32799999999999996,-0.069,0.195,-19.9,-1.9,40.0,4.0
13.02,8.52,10.667,-1.107,0.579,0.858,0.231,-0.027000000000000003,-20.1,-2.5,38.9,4.0
13.04,8.54,11.89,-1.778,0.302,1.055,0.23800000000000002,-0.125,-19.3,-2.4,37.5,4.0
13.06,8.56,11.343,-2.309,-0.431,0.833,-0.003,-0.158,-21.0,-2.1,37.7,4.0
13.08,8.58,10.745,-1.8219999999999998,-1.131,0.231,-0.12,-0.084,-20.5,-3.8,36.8,4.0
13.1,8.6,10.864,-0.531,-1.345,0.11199999999999999,-0.207,-0.099,-18.9,-2.7,37.1,4.0
13.12,8.62,9.634,0.233,-1.5190000000000001,0.201,-0.285,-0.17600000000000002,-18.3,-2.8,37.8,4.0
13.14,8.64,8.556000000000001,0.423,-1.604,0.575,-0.203,-0.292,-19.2,-1.7,38.9,4.0
13.16,8.66,8.22,0.589,-0.836,0.7020000000000001,-0.081,-0.408,-20.5,-2.2,37.6,4.0
13.18,8.68,8.125,0.39,-0.584,0.6659999999999999,0.042,-0.413,-19.3,-2.4,37.5,4.0
13.2,8.7,8.068,0.541,-0.569,0.545,0.129,-0.39299999999999996,-19.5,-1.2,36.6,4.0
13.22,8.72,7.952999999999999,0.997,-0.626,0.14300000000000002,0.161,-0.322,-19.6,-1.6,37.8,4.0
13.24,8.74,8.038,1.507,-0.685,-0.127,0.08199999999999999,-0.326,-19.9,-2.0,36.8,4.0
13.26,8.76,7.796,0.972,-1.082,0.192,-0.019,-0.39399999999999996,-20.4,-1.8,36.5,4.0
13.28,8.78,7.516,1.473,-1.811,-0.28,-0.10400000000000001,-0.193,-20.2,-1.8,37.4,4.0
13.3,8.8,7.434,0.7659999999999999,-2.286,-0.368,-0.203,-0.057999999999999996,-18.7,-2.3,37.8,4.0
13.32,8.82,7.737,0.5770000000000001,-2.6060000000000003,-0.46299999999999997,-0.263,0.098,-19.7,-1.7,38.4,4.0
13.34,8.84,8.344,0.276,-2.642,-0.49,-0.301,0.203,-19.3,-3.3,38.5,4.0
13.36,8.86,8.586,0.358,-2.326,-0.5479999999999999,-0.345,0.304,-19.4,-3.8,38.6,4.0
13.38,8.88,8.636000000000001,0.304,-2.533,-0.727,-0.358,0.364,-18.8,-3.3,39.6,4.0
13.4,8.9,9.091000000000001,-0.003,-2.431,-0.835,-0.28600000000000003,0.365,-17.6,-2.6,40.2,4.0
13.42,8.92,9.964,-0.415,-2.235,-0.475,-0.071,0.24,-17.5,-3.4,40.0,4.0
13.44,8.94,9.937999999999999,-0.07,-2.536,0.057,0.043,0.037000000000000005,-17.8,-2.1,41.1,4.0
13.46,8.96,8.878,0.152,-3.8939999999999997,-0.175,-0.14400000000000002,-0.019,-18.0,-3.4,40.5,4.0
13.48,8.98,8.906,0.647,-4.898,-0.742,-0.171,-0.012,-16.9,-3.2,40.6,4.0
13.5,9.0,9.356,0.568,-4.8919999999999995,-1.264,-0.43200000000000005,-0.115,-17.9,-5.0,41.2,4.0
13.52,9.02,9.915,1.101,-4.727,-1.186,-0.507,-0.17600000000000002,-17.3,-4.2,42.8,4.0
13.54,9.04,10.616,0.7140000000000001,-4.546,-0.07,-0.462,-0.37799999999999995,-16.8,-5.2,42.9,4.0
13.56,9.06,10.757,0.9209999999999999,-3.9739999999999998,0.341,-0.299,-0.348,-16.8,-5.1,42.0,4.0
13.58,9.08,12.133,-0.917,-2.105,0.261,0.162,-0.364,-17.6,-4.4,42.8,4.0
13.6,9.1,13.859000000000002,-3.4139999999999997,-0.151,1.198,0.205,-0.478,-16.7,-4.4,42.8,4.0
13.62,9.12,11.513,-3.2539999999999996,0.778,1.133,0.147,-0.387,-16.2,-5.5,42.8,4.0
13.64,9.14,8.96,-0.8320000000000001,-0.496,-0.47,0.249,-0.31,-16.8,-6.1,43.2,4.0
13.66,9.16,9.463,1.077,-0.53,-1.804,0.612,0.05,-16.8,-6.2,42.5,4.0
13.68,9.18,12.134,1.444,1.209,-1.65,0.9209999999999999,0.28800000000000003,-17.1,-5.7,42.8,4.0
13.7,9.2,12.481,2.11,0.8909999999999999,-1.605,0.667,0.265,-17.4,-6.4,43.4,4.0
13.72,9.22,11.212,1.685,-0.255,-0.8959999999999999,0.33,0.031,-17.7,-6.6,43.6,4.0
13.74,9.24,11.1,-0.69,-0.499,-0.285,0.363,0.107,-16.8,-6.7,43.4,4.0
13.76,9.26,10.802,-0.9390000000000001,-0.5760000000000001,-0.248,0.08900000000000001,0.138,-17.1,-6.9,42.5,4.0
13.78,9.28,9.312999999999999,-0.537,-0.852,-0.534,0.012,0.126,-16.8,-6.7,43.0,4.0
13.8,9.3,8.537,-0.6829999999999999,-0.7020000000000001,-0.5660000000000001,0.09699999999999999,0.19399999999999998,-17.5,-7.1,43.5,4.0
13.82,9.32,8.062999999999999,-0.733,-0.63,-0.693,0.165,0.268,-15.8,-8.9,44.3,4.0
13.84,9.34,8.027000000000001,-1.046,-0.551,-0.502,0.265,0.3,-16.4,-6.9,43.6,5.0
13.86,9.36,8.204,-1.246,-0.684,-0.308,0.38799999999999996,0.263,-17.0,-7.2,44.1,5.0
13.88,9.38,8.604,-1.645,-0.5760000000000001,-0.121,0.40700000000000003,0.171,-16.3,-7.8,43.4,5.0
13.9,9.4,8.862,-1.6869999999999998,-0.86,0.006,0.36700000000000005,0.149,-16.6,-8.4,44.2,5.0
13.92,9.42,8.969,-1.265,-1.071,0.073,0.322,0.17800000000000002,-16.2,-8.5,43.5,5.0
13.94,9.44,8.952,-1.013,-1.196,0.10800000000000001,0.28800000000000003,0.185,-16.2,-7.0,43.9,5.0
13.96,9.46,9.106,-0.61,-1.585,0.187,0.22,0.141,-15.8,-8.2,43.4,5.0
13.98,9.48,9.158,-0.47700000000000004,-1.459,0.38,0.111,0.102,-14.9,-7.3,42.5,5.0
14.0,9.5,8.704,-0.37200000000000005,-1.252,0.617,-0.011000000000000001,0.032,-15.9,-6.7,42.9,5.0
14.02,9.52,8.443999999999999,-0.851,-1.565,0.802,-0.115,-0.052000000000000005,-15.3,-6.4,43.0,5.0
14.04,9.54,8.43,-1.03,-1.85,0.8340000000000001,-0.16,-0.111,-16.6,-7.0,42.5,5.0
14.06,9.56,8.675,-0.8390000000000001,-1.8559999999999999,0.696,-0.209,-0.073,-16.5,-6.5,42.5,5.0
14.08,9.58,8.807,-0.74,-1.915,0.522,-0.304,-0.040999999999999995,-14.6,-5.3,42.9,5.0
14.1,9.6,8.89,-0.593,-2.115,0.5479999999999999,-0.33299999999999996,-0.06,-15.3,-4.6,42.6,5.0
14.12,9.62,9.177999999999999,-0.6990000000000001,-2.121,0.642,-0.32,-0.09300000000000001,-14.7,-5.6,42.4,5.0
14.14,9.64,9.58,-0.8909999999999999,-2.03,0.836,-0.267,-0.184,-14.3,-4.6,43.2,5.0
14.16,9.66,10.501,-0.49200000000000005,-1.601,0.745,-0.121,-0.14400000000000002,-14.0,-6.3,42.3,5.0
14.18,9.68,10.129,-0.285,-1.804,0.785,-0.196,-0.11599999999999999,-14.6,-3.9,43.2,5.0
14.2,9.7,10.696,0.013999999999999999,-1.214,0.612,-0.039,-0.006999999999999999,-16.3,-4.6,40.3,5.0
14.22,9.72,11.673,0.27699999999999997,-1.077,0.316,-0.023,0.172,-15.2,-4.9,42.8,5.0
14.24,9.74,12.357999999999999,0.501,-0.688,0.14800000000000002,0.013999999999999999,0.419,-13.9,-4.8,42.2,5.0
14.26,9.76,11.985,0.335,-1.079,0.537,-0.054000000000000006,0.41,-13.6,-3.7,42.3,5.0
14.28,9.78,10.405,-0.425,-0.61,0.773,-0.14400000000000002,0.221,-13.1,-3.2,42.4,5.0
14.3,9.8,9.691,-1.61,-0.268,0.7809999999999999,-0.161,0.215,-13.1,-3.4,41.5,5.0
14.32,9.82,8.962,-1.61,-0.474,0.47200000000000003,-0.134,0.198,-13.2,-3.5,40.7,5.0
14.34,9.84,8.78,-0.747,-0.134,0.149,-0.009000000000000001,0.187,-12.5,-3.0,41.2,5.0
14.36,9.86,8.852,0.49700000000000005,-0.10800000000000001,0.023,0.063,0.153,-12.1,-2.2,41.4,5.0
14.38,9.88,8.527999999999999,1.2890000000000001,-0.19,0.063,0.134,0.043,-12.8,-3.8,41.6,5.0
14.4,9.9,8.741,1.567,-0.21100000000000002,0.155,0.28800000000000003,-0.054000000000000006,-14.3,-3.2,41.8,5.0
14.42,9.92,9.307,0.9470000000000001,-0.386,0.23199999999999998,0.41,-0.124,-12.8,-3.8,39.8,5.0
14.44,9.94,9.75,0.41700000000000004,-0.452,0.325,0.4,-0.146,-13.1,-4.1,41.5,5.0
14.46,9.96,10.092,-0.22,-0.705,0.433,0.321,-0.096,-12.7,-3.4,40.8,5.0
14.48,9.98,10.12,-0.649,-0.764,0.348,0.23399999999999999,-0.059000000000000004,-13.9,-2.7,40.4,5.0
14.5,10.0,9.99,-0.6990000000000001,-0.632,0.20600000000000002,0.21899999999999997,-0.042,-11.7,-2.7,40.6,5.0
14.52,10.02,9.802,-0.23,-0.703,0.102,0.26,-0.017,-11.9,-2.5,40.4,5.0
14.54,10.04,9.834,0.046,-0.7090000000000001,0.039,0.325,0.043,-12.6,-2.7,40.1,5.0
14.56,10.06,9.939,0.133,-0.579,-0.078,0.406,0.069,-12.6,-2.4,38.5,5.0
14.58,10.08,9.894,0.042,-0.49200000000000005,-0.138,0.43700000000000006,0.05,-13.2,-2.1,39.6,5.0
14.6,10.1,9.636000000000001,0.013000000000000001,-0.42700000000000005,-0.15,0.42700000000000005,0.002,-13.9,-2.7,39.4,5.0
14.62,10.12,9.551,-0.005,-0.55,-0.11199999999999999,0.433,-0.044000000000000004,-14.0,-2.8,38.5,5.0
14.64,10.14,9.519,-0.083,-0.59,-0.139,0.446,-0.077,-14.2,-3.3,40.4,5.0
14.66,10.16,9.44,-0.07200000000000001,-0.493,-0.17800000000000002,0.48700000000000004,-0.09699999999999999,-14.1,-2.5,38.8,5.0
14.68,10.18,9.455,-0.075,-0.46799999999999997,-0.191,0.503,-0.1,-14.4,-2.9,39.4,5.0
14.7,10.2,9.613999999999999,-0.252,-0.4,-0.171,0.486,-0.09300000000000001,-13.4,-2.9,38.3,5.0
14.72,10.22,9.537,-0.36,-0.289,-0.106,0.457,-0.07,-14.2,-2.8,38.9,5.0
14.74,10.24,9.411,-0.36200000000000004,-0.10400000000000001,-0.044000000000000004,0.408,-0.065,-13.6,-2.7,38.7,5.0
14.76,10.26,9.459,-0.442,-0.109,-0.075,0.39299999999999996,-0.053,-13.6,-4.2,38.3,5.0
14.78,10.28,9.467,-0.5489999999999999,0.077,-0.171,0.36200000000000004,-0.006,-13.5,-4.4,37.7,5.0
14.8,10.3,9.363999999999999,-0.4,0.22,-0.23399999999999999,0.32299999999999995,0.053,-13.6,-4.3,37.9,5.0
14.82,10.32,9.442,-0.325,-0.196,-0.21600000000000003,0.366,0.055999999999999994,-14.5,-3.7,39.3,5.0
14.84,10.34,9.46,-0.192,-0.18100000000000002,-0.124,0.312,0.044000000000000004,-14.3,-4.9,38.9,5.0
14.86,10.36,9.579,-0.177,-0.18100000000000002,0.040999999999999995,0.23199999999999998,0.012,-14.1,-4.6,38.1,5.0
14.88,10.38,9.755,-0.45799999999999996,-0.045,0.145,0.191,-0.05,-14.4,-3.4,38.3,5.0
14.9,10.4,9.616,-0.5870000000000001,-0.077,0.16899999999999998,0.11900000000000001,-0.068,-14.3,-3.3,37.4,5.0
14.92,10.42,9.686,-0.42,-0.158,0.151,0.08900000000000001,-0.025,-13.2,-3.9,38.4,5.0
14.94,10.44,9.639,-0.21899999999999997,-0.11599999999999999,0.136,0.08199999999999999,0.009000000000000001,-14.7,-2.9,37.9,5.0
14.96,10.46,9.713,0.098,-0.062,0.156,0.12,0.036000000000000004,-15.3,-3.8,37.6,5.0
14.98,10.48,9.647,0.1,0.158,0.23199999999999998,0.129,0.051,-14.0,-3.3,37.4,5.0
15.0,10.5,9.685,-0.08,0.278,0.27399999999999997,0.095,0.015,-13.2,-4.4,37.9,5.0
15.02,10.52,9.697000000000001,-0.33399999999999996,0.602,0.273,0.06,-0.023,-15.3,-3.6,37.4,5.0
15.04,10.54,9.74,-0.292,0.752,0.223,0.009000000000000001,-0.04,-14.2,-4.1,36.7,5.0
15.06,10.56,9.69,-0.124,0.59,0.142,-0.039,-0.023,-12.9,-2.9,37.1,5.0
15.08,10.58,9.436,-0.08800000000000001,0.574,0.09699999999999999,-0.064,0.004,-14.1,-3.1,37.0,5.0
15.1,10.6,9.367,-0.185,0.45799999999999996,0.092,-0.047,0.027000000000000003,-14.4,-2.7,36.9,5.0
15.12,10.62,9.495,-0.264,0.501,0.075,-0.07200000000000001,0.008,-14.3,-1.7,36.7,5.0
15.14,10.64,9.548,-0.304,0.38299999999999995,0.062,-0.113,-0.005,-13.2,-1.9,37.4,5.0
15.16,10.66,9.48,-0.23600000000000002,0.311,0.023,-0.163,0.013000000000000001,-13.5,-2.7,37.3,5.0
15.18,10.68,9.488,-0.19,0.299,-0.012,-0.18899999999999997,0.039,-13.9,-3.1,38.1,5.0
15.2,10.7,9.46,-0.275,0.102,-0.019,-0.20800000000000002,0.036000000000000004,-14.4,-3.1,37.9,5.0
15.22,10.72,9.693999999999999,-0.303,0.083,0.006,-0.19399999999999998,0.009000000000000001,-14.6,-3.3,36.2,5.0
15.24,10.74,9.731,-0.331,0.024,-0.002,-0.163,-0.051,-13.2,-2.8,36.5,5.0
15.26,10.76,9.774,-0.32,-0.039,0.035,-0.153,-0.095,-13.8,-2.1,37.9,5.0
15.28,10.78,9.856,-0.38,-0.105,0.08,-0.149,-0.079,-14.0,-1.5,37.7,5.0
15.3,10.8,9.882,-0.371,-0.1,0.012,-0.122,-0.045,-14.7,-2.3,38.2,5.0
15.32,10.82,9.875,-0.578,-0.271,-0.017,-0.128,0.001,-13.4,-2.9,38.2,5.0
15.34,10.84,9.85,-0.49700000000000005,-0.371,0.012,-0.094,-0.001,-14.8,-3.7,37.6,5.0
15.36,10.86,9.883,-0.54,-0.38,0.009000000000000001,-0.065,-0.003,-13.8,-3.3,37.3,5.0
15.38,10.88,9.812999999999999,-0.45,-0.35700000000000004,0.003,-0.055,-0.006,-14.0,-3.6,37.6,5.0
15.4,10.9,9.674,-0.42200000000000004,-0.426,0.004,-0.094,-0.009000000000000001,-13.8,-2.3,37.3,5.0
15.42,10.92,9.753,-0.34600000000000003,-0.42100000000000004,0.016,-0.094,-0.019,-13.4,-2.6,36.9,5.0
15.44,10.94,9.745,-0.309,-0.5660000000000001,-0.022000000000000002,-0.071,-0.028999999999999998,-14.0,-4.7,37.6,5.0
15.46,10.96,9.634,-0.228,-0.601,-0.055999999999999994,-0.023,-0.023,-12.9,-2.3,38.1,5.0
15.48,10.98,9.622,-0.17300000000000001,-0.6409999999999999,-0.098,0.016,-0.013000000000000001,-13.9,-3.1,38.1,5.0
15.5,11.0,9.676,-0.24100000000000002,-0.7290000000000001,-0.1,0.073,-0.009000000000000001,-14.0,-3.0,38.7,5.0
15.52,11.02,9.683,-0.285,-0.669,-0.10800000000000001,0.07,-0.021,-15.4,-3.0,36.5,5.0
15.54,11.04,9.642999999999999,-0.35700000000000004,-0.574,-0.11,0.044000000000000004,-0.028999999999999998,-14.6,-2.3,38.2,5.0
15.56,11.06,9.677999999999999,-0.321,-0.593,-0.106,0.039,-0.022000000000000002,-13.5,-2.9,37.5,5.0
15.58,11.08,9.541,-0.36,-0.525,-0.045,0.006999999999999999,-0.005,-13.7,-3.9,38.0,5.0
15.6,11.1,9.667,-0.34299999999999997,-0.491,-0.10099999999999999,0.048,0.004,-14.1,-2.8,37.9,5.0
15.62,11.12,9.607999999999999,-0.363,-0.479,-0.098,0.037000000000000005,0.016,-14.3,-2.9,37.7,5.0
15.64,11.14,9.658,-0.441,-0.508,-0.07200000000000001,0.054000000000000006,0.027000000000000003,-12.8,-2.1,38.4,5.0
15.66,11.16,9.676,-0.391,-0.518,-0.085,0.045,0.043,-14.7,-3.0,36.5,5.0
15.68,11.18,9.701,-0.395,-0.596,-0.078,0.035,0.040999999999999995,-13.9,-2.6,37.9,5.0
15.7,11.2,9.594,-0.34700000000000003,-0.509,-0.06,0.019,0.040999999999999995,-14.3,-2.9,38.1,5.0
